state,year,month,predicted_usage
Alabama,2022,1,5729.0078125
Alabama,2022,2,4226.96826171875
Alabama,2022,3,4506.44580078125
Alabama,2022,4,6723.53759765625
Alabama,2022,5,7291.49609375
Alabama,2022,6,2806.236328125
Alabama,2022,7,2891.567138671875
Alabama,2022,8,6411.7890625
Alabama,2022,9,7424.3447265625
Alabama,2022,10,4513.462890625
Alabama,2022,11,5823.49951171875
Alabama,2022,12,7132.85205078125
Alabama,2023,1,4383.98388671875
Alabama,2023,2,6532.77880859375
Alabama,2023,3,6905.39599609375
Alabama,2023,4,5757.12939453125
Alabama,2023,5,2760.549560546875
Alabama,2023,6,4506.44580078125
Alabama,2023,7,6520.83837890625
Alabama,2023,8,5690.16845703125
Alabama,2023,9,8156.716796875
Alabama,2023,10,2633.603515625
Alabama,2023,11,4160.34130859375
Alabama,2023,12,6848.05322265625
Alabama,2024,1,7099.45068359375
Alabama,2024,2,7099.45068359375
Alabama,2024,3,6335.72509765625
Alabama,2024,4,6335.72509765625
Alabama,2024,5,6335.72509765625
Alabama,2024,6,6686.58740234375
Alabama,2024,7,6686.58740234375
Alabama,2024,8,6686.58740234375
Alabama,2024,9,6423.5830078125
Alabama,2024,10,6423.5830078125
Alabama,2024,11,6423.5830078125
Alabama,2024,12,7099.45068359375
Alabama,2025,1,7099.45068359375
Alabama,2025,2,7099.45068359375
Alabama,2025,3,6335.72509765625
Alabama,2025,4,6335.72509765625
Alabama,2025,5,6335.72509765625
Alabama,2025,6,6686.58740234375
Alabama,2025,7,6686.58740234375
Alabama,2025,8,6686.58740234375
Alabama,2025,9,6423.5830078125
Alabama,2025,10,6423.5830078125
Alabama,2025,11,6423.5830078125
Alabama,2025,12,7099.45068359375
Alaska,2022,1,503.6451721191406
Alaska,2022,2,2951.992431640625
Alaska,2022,3,691.410400390625
Alaska,2022,4,1111.1981201171875
Alaska,2022,5,1451.9539794921875
Alaska,2022,6,824.1343383789062
Alaska,2022,7,1896.9896240234375
Alaska,2022,8,1469.0147705078125
Alaska,2022,9,760.8847045898438
Alaska,2022,10,2056.126708984375
Alaska,2022,11,3956.897216796875
Alaska,2022,12,1414.8758544921875
Alaska,2023,1,2554.70361328125
Alaska,2023,2,600.07666015625
Alaska,2023,3,3234.23486328125
Alaska,2023,4,878.2417602539062
Alaska,2023,5,1026.784423828125
Alaska,2023,6,654.6235961914062
Alaska,2023,7,2823.550048828125
Alaska,2023,8,1516.648193359375
Alaska,2023,9,1103.708740234375
Alaska,2023,10,500.7998046875
Alaska,2023,11,881.6863403320312
Alaska,2023,12,3838.9599609375
Alaska,2024,1,848.9070434570312
Alaska,2024,2,848.9070434570312
Alaska,2024,3,800.1278686523438
Alaska,2024,4,800.1278686523438
Alaska,2024,5,800.1278686523438
Alaska,2024,6,788.3773193359375
Alaska,2024,7,788.3773193359375
Alaska,2024,8,788.3773193359375
Alaska,2024,9,798.2313232421875
Alaska,2024,10,798.2313232421875
Alaska,2024,11,798.2313232421875
Alaska,2024,12,848.9070434570312
Alaska,2025,1,848.9070434570312
Alaska,2025,2,848.9070434570312
Alaska,2025,3,800.1278686523438
Alaska,2025,4,800.1278686523438
Alaska,2025,5,800.1278686523438
Alaska,2025,6,788.3773193359375
Alaska,2025,7,788.3773193359375
Alaska,2025,8,788.3773193359375
Alaska,2025,9,798.2313232421875
Alaska,2025,10,798.2313232421875
Alaska,2025,11,798.2313232421875
Alaska,2025,12,848.9070434570312
Arizona,2022,1,5729.0078125
Arizona,2022,2,4226.96826171875
Arizona,2022,3,4506.44580078125
Arizona,2022,4,6723.53759765625
Arizona,2022,5,7291.49609375
Arizona,2022,6,2806.236328125
Arizona,2022,7,2891.567138671875
Arizona,2022,8,6411.7890625
Arizona,2022,9,7424.3447265625
Arizona,2022,10,4513.462890625
Arizona,2022,11,5823.49951171875
Arizona,2022,12,7132.85205078125
Arizona,2023,1,4383.98388671875
Arizona,2023,2,6532.77880859375
Arizona,2023,3,6905.39599609375
Arizona,2023,4,5757.12939453125
Arizona,2023,5,2760.549560546875
Arizona,2023,6,4506.44580078125
Arizona,2023,7,6520.83837890625
Arizona,2023,8,5690.16845703125
Arizona,2023,9,8156.716796875
Arizona,2023,10,2633.603515625
Arizona,2023,11,4160.34130859375
Arizona,2023,12,6848.05322265625
Arizona,2024,1,5702.15869140625
Arizona,2024,2,5702.15869140625
Arizona,2024,3,4894.16943359375
Arizona,2024,4,4894.16943359375
Arizona,2024,5,4894.16943359375
Arizona,2024,6,5169.6240234375
Arizona,2024,7,5169.6240234375
Arizona,2024,8,5169.6240234375
Arizona,2024,9,4834.39892578125
Arizona,2024,10,4834.39892578125
Arizona,2024,11,4834.39892578125
Arizona,2024,12,5702.15869140625
Arizona,2025,1,5702.15869140625
Arizona,2025,2,5702.15869140625
Arizona,2025,3,4894.16943359375
Arizona,2025,4,4894.16943359375
Arizona,2025,5,4894.16943359375
Arizona,2025,6,5169.6240234375
Arizona,2025,7,5169.6240234375
Arizona,2025,8,5169.6240234375
Arizona,2025,9,4834.39892578125
Arizona,2025,10,4834.39892578125
Arizona,2025,11,4834.39892578125
Arizona,2025,12,5702.15869140625
Arkansas,2022,1,8880.142578125
Arkansas,2022,2,8854.1015625
Arkansas,2022,3,13055.244140625
Arkansas,2022,4,29587.80078125
Arkansas,2022,5,11880.0068359375
Arkansas,2022,6,10673.0791015625
Arkansas,2022,7,13140.2060546875
Arkansas,2022,8,10790.7509765625
Arkansas,2022,9,12519.96875
Arkansas,2022,10,4796.76220703125
Arkansas,2022,11,8586.603515625
Arkansas,2022,12,6840.37109375
Arkansas,2023,1,6624.287109375
Arkansas,2023,2,20101.228515625
Arkansas,2023,3,17258.9453125
Arkansas,2023,4,5051.4453125
Arkansas,2023,5,12625.708984375
Arkansas,2023,6,8832.4873046875
Arkansas,2023,7,29375.1015625
Arkansas,2023,8,9236.1552734375
Arkansas,2023,9,6800.4208984375
Arkansas,2023,10,4796.76220703125
Arkansas,2023,11,8848.7880859375
Arkansas,2023,12,6840.37109375
Arkansas,2024,1,4761.31005859375
Arkansas,2024,2,4761.31005859375
Arkansas,2024,3,4160.7177734375
Arkansas,2024,4,4160.7177734375
Arkansas,2024,5,4160.7177734375
Arkansas,2024,6,5089.57763671875
Arkansas,2024,7,5089.57763671875
Arkansas,2024,8,5089.57763671875
Arkansas,2024,9,4123.630859375
Arkansas,2024,10,4123.630859375
Arkansas,2024,11,4123.630859375
Arkansas,2024,12,4761.31005859375
Arkansas,2025,1,4761.31005859375
Arkansas,2025,2,4761.31005859375
Arkansas,2025,3,4160.7177734375
Arkansas,2025,4,4160.7177734375
Arkansas,2025,5,4160.7177734375
Arkansas,2025,6,5089.57763671875
Arkansas,2025,7,5089.57763671875
Arkansas,2025,8,5089.57763671875
Arkansas,2025,9,4123.630859375
Arkansas,2025,10,4123.630859375
Arkansas,2025,11,4123.630859375
Arkansas,2025,12,4761.31005859375
California,2022,1,8880.142578125
California,2022,2,8854.1015625
California,2022,3,13055.244140625
California,2022,4,29587.80078125
California,2022,5,11880.0068359375
California,2022,6,10673.0791015625
California,2022,7,13140.2060546875
California,2022,8,10790.7509765625
California,2022,9,12519.96875
California,2022,10,4796.76220703125
California,2022,11,8586.603515625
California,2022,12,6840.37109375
California,2023,1,6624.287109375
California,2023,2,20101.228515625
California,2023,3,17258.9453125
California,2023,4,5051.4453125
California,2023,5,12625.708984375
California,2023,6,8832.4873046875
California,2023,7,29375.1015625
California,2023,8,9236.1552734375
California,2023,9,6800.4208984375
California,2023,10,4796.76220703125
California,2023,11,8848.7880859375
California,2023,12,6840.37109375
California,2024,1,8629.2783203125
California,2024,2,8629.2783203125
California,2024,3,8168.734375
California,2024,4,8168.734375
California,2024,5,8168.734375
California,2024,6,9127.353515625
California,2024,7,9127.353515625
California,2024,8,9127.353515625
California,2024,9,8066.6337890625
California,2024,10,8066.6337890625
California,2024,11,8066.6337890625
California,2024,12,8629.2783203125
California,2025,1,8629.2783203125
California,2025,2,8629.2783203125
California,2025,3,8168.734375
California,2025,4,8168.734375
California,2025,5,8168.734375
California,2025,6,9127.353515625
California,2025,7,9127.353515625
California,2025,8,9127.353515625
California,2025,9,8066.6337890625
California,2025,10,8066.6337890625
California,2025,11,8066.6337890625
California,2025,12,8629.2783203125
Colorado,2022,1,5729.0078125
Colorado,2022,2,4226.96826171875
Colorado,2022,3,4506.44580078125
Colorado,2022,4,6723.53759765625
Colorado,2022,5,7291.49609375
Colorado,2022,6,2806.236328125
Colorado,2022,7,2891.567138671875
Colorado,2022,8,6411.7890625
Colorado,2022,9,7424.3447265625
Colorado,2022,10,4513.462890625
Colorado,2022,11,5823.49951171875
Colorado,2022,12,7132.85205078125
Colorado,2023,1,4383.98388671875
Colorado,2023,2,6532.77880859375
Colorado,2023,3,6905.39599609375
Colorado,2023,4,5757.12939453125
Colorado,2023,5,2760.549560546875
Colorado,2023,6,4506.44580078125
Colorado,2023,7,6520.83837890625
Colorado,2023,8,5690.16845703125
Colorado,2023,9,8156.716796875
Colorado,2023,10,2633.603515625
Colorado,2023,11,4160.34130859375
Colorado,2023,12,6848.05322265625
Colorado,2024,1,5896.50634765625
Colorado,2024,2,5896.50634765625
Colorado,2024,3,5528.21142578125
Colorado,2024,4,5528.21142578125
Colorado,2024,5,5528.21142578125
Colorado,2024,6,5667.44482421875
Colorado,2024,7,5667.44482421875
Colorado,2024,8,5667.44482421875
Colorado,2024,9,5515.6953125
Colorado,2024,10,5515.6953125
Colorado,2024,11,5515.6953125
Colorado,2024,12,5896.50634765625
Colorado,2025,1,5896.50634765625
Colorado,2025,2,5896.50634765625
Colorado,2025,3,5528.21142578125
Colorado,2025,4,5528.21142578125
Colorado,2025,5,5528.21142578125
Colorado,2025,6,5667.44482421875
Colorado,2025,7,5667.44482421875
Colorado,2025,8,5667.44482421875
Colorado,2025,9,5515.6953125
Colorado,2025,10,5515.6953125
Colorado,2025,11,5515.6953125
Colorado,2025,12,5896.50634765625
Connecticut,2022,1,503.6451721191406
Connecticut,2022,2,2951.992431640625
Connecticut,2022,3,691.410400390625
Connecticut,2022,4,1111.1981201171875
Connecticut,2022,5,1451.9539794921875
Connecticut,2022,6,824.1343383789062
Connecticut,2022,7,1896.9896240234375
Connecticut,2022,8,1469.0147705078125
Connecticut,2022,9,760.8847045898438
Connecticut,2022,10,2056.126708984375
Connecticut,2022,11,3956.897216796875
Connecticut,2022,12,1414.8758544921875
Connecticut,2023,1,2554.70361328125
Connecticut,2023,2,600.07666015625
Connecticut,2023,3,3234.23486328125
Connecticut,2023,4,878.2417602539062
Connecticut,2023,5,1026.784423828125
Connecticut,2023,6,654.6235961914062
Connecticut,2023,7,2823.550048828125
Connecticut,2023,8,1516.648193359375
Connecticut,2023,9,1103.708740234375
Connecticut,2023,10,500.7998046875
Connecticut,2023,11,881.6863403320312
Connecticut,2023,12,3838.9599609375
Connecticut,2024,1,3800.098876953125
Connecticut,2024,2,3800.098876953125
Connecticut,2024,3,3459.575927734375
Connecticut,2024,4,3459.575927734375
Connecticut,2024,5,3459.575927734375
Connecticut,2024,6,3558.24169921875
Connecticut,2024,7,3558.24169921875
Connecticut,2024,8,3558.24169921875
Connecticut,2024,9,3538.899169921875
Connecticut,2024,10,3538.899169921875
Connecticut,2024,11,3538.899169921875
Connecticut,2024,12,3800.098876953125
Connecticut,2025,1,3800.098876953125
Connecticut,2025,2,3800.098876953125
Connecticut,2025,3,3459.575927734375
Connecticut,2025,4,3459.575927734375
Connecticut,2025,5,3459.575927734375
Connecticut,2025,6,3558.24169921875
Connecticut,2025,7,3558.24169921875
Connecticut,2025,8,3558.24169921875
Connecticut,2025,9,3538.899169921875
Connecticut,2025,10,3538.899169921875
Connecticut,2025,11,3538.899169921875
Connecticut,2025,12,3800.098876953125
Delaware,2022,1,8880.142578125
Delaware,2022,2,8854.1015625
Delaware,2022,3,13055.244140625
Delaware,2022,4,29587.80078125
Delaware,2022,5,11880.0068359375
Delaware,2022,6,10673.0791015625
Delaware,2022,7,13140.2060546875
Delaware,2022,8,10790.7509765625
Delaware,2022,9,12519.96875
Delaware,2022,10,4796.76220703125
Delaware,2022,11,8586.603515625
Delaware,2022,12,6840.37109375
Delaware,2023,1,6624.287109375
Delaware,2023,2,20101.228515625
Delaware,2023,3,17258.9453125
Delaware,2023,4,5051.4453125
Delaware,2023,5,12625.708984375
Delaware,2023,6,8832.4873046875
Delaware,2023,7,29375.1015625
Delaware,2023,8,9236.1552734375
Delaware,2023,9,6800.4208984375
Delaware,2023,10,4796.76220703125
Delaware,2023,11,8848.7880859375
Delaware,2023,12,6840.37109375
Delaware,2024,1,5710.431640625
Delaware,2024,2,5710.431640625
Delaware,2024,3,5207.7021484375
Delaware,2024,4,5207.7021484375
Delaware,2024,5,5207.7021484375
Delaware,2024,6,5444.90283203125
Delaware,2024,7,5444.90283203125
Delaware,2024,8,5444.90283203125
Delaware,2024,9,5140.396484375
Delaware,2024,10,5140.396484375
Delaware,2024,11,5140.396484375
Delaware,2024,12,5710.431640625
Delaware,2025,1,5710.431640625
Delaware,2025,2,5710.431640625
Delaware,2025,3,5207.7021484375
Delaware,2025,4,5207.7021484375
Delaware,2025,5,5207.7021484375
Delaware,2025,6,5444.90283203125
Delaware,2025,7,5444.90283203125
Delaware,2025,8,5444.90283203125
Delaware,2025,9,5140.396484375
Delaware,2025,10,5140.396484375
Delaware,2025,11,5140.396484375
Delaware,2025,12,5710.431640625
Florida,2022,1,503.6451721191406
Florida,2022,2,2951.992431640625
Florida,2022,3,691.410400390625
Florida,2022,4,1111.1981201171875
Florida,2022,5,1451.9539794921875
Florida,2022,6,824.1343383789062
Florida,2022,7,1896.9896240234375
Florida,2022,8,1469.0147705078125
Florida,2022,9,760.8847045898438
Florida,2022,10,2056.126708984375
Florida,2022,11,3956.897216796875
Florida,2022,12,1414.8758544921875
Florida,2023,1,2554.70361328125
Florida,2023,2,600.07666015625
Florida,2023,3,3234.23486328125
Florida,2023,4,878.2417602539062
Florida,2023,5,1026.784423828125
Florida,2023,6,654.6235961914062
Florida,2023,7,2823.550048828125
Florida,2023,8,1516.648193359375
Florida,2023,9,1103.708740234375
Florida,2023,10,500.7998046875
Florida,2023,11,881.6863403320312
Florida,2023,12,3838.9599609375
Florida,2024,1,1001.5262451171875
Florida,2024,2,1001.5262451171875
Florida,2024,3,912.681640625
Florida,2024,4,912.681640625
Florida,2024,5,912.681640625
Florida,2024,6,980.1807250976562
Florida,2024,7,980.1807250976562
Florida,2024,8,980.1807250976562
Florida,2024,9,912.681640625
Florida,2024,10,912.681640625
Florida,2024,11,912.681640625
Florida,2024,12,1001.5262451171875
Florida,2025,1,1001.5262451171875
Florida,2025,2,1001.5262451171875
Florida,2025,3,912.681640625
Florida,2025,4,912.681640625
Florida,2025,5,912.681640625
Florida,2025,6,980.1807250976562
Florida,2025,7,980.1807250976562
Florida,2025,8,980.1807250976562
Florida,2025,9,912.681640625
Florida,2025,10,912.681640625
Florida,2025,11,912.681640625
Florida,2025,12,1001.5262451171875
Georgia,2022,1,503.6451721191406
Georgia,2022,2,2951.992431640625
Georgia,2022,3,691.410400390625
Georgia,2022,4,1111.1981201171875
Georgia,2022,5,1451.9539794921875
Georgia,2022,6,824.1343383789062
Georgia,2022,7,1896.9896240234375
Georgia,2022,8,1469.0147705078125
Georgia,2022,9,760.8847045898438
Georgia,2022,10,2056.126708984375
Georgia,2022,11,3956.897216796875
Georgia,2022,12,1414.8758544921875
Georgia,2023,1,2554.70361328125
Georgia,2023,2,600.07666015625
Georgia,2023,3,3234.23486328125
Georgia,2023,4,878.2417602539062
Georgia,2023,5,1026.784423828125
Georgia,2023,6,654.6235961914062
Georgia,2023,7,2823.550048828125
Georgia,2023,8,1516.648193359375
Georgia,2023,9,1103.708740234375
Georgia,2023,10,500.7998046875
Georgia,2023,11,881.6863403320312
Georgia,2023,12,3838.9599609375
Georgia,2024,1,2379.616943359375
Georgia,2024,2,2379.616943359375
Georgia,2024,3,2242.12451171875
Georgia,2024,4,2242.12451171875
Georgia,2024,5,2242.12451171875
Georgia,2024,6,2419.4736328125
Georgia,2024,7,2419.4736328125
Georgia,2024,8,2419.4736328125
Georgia,2024,9,2237.005615234375
Georgia,2024,10,2237.005615234375
Georgia,2024,11,2237.005615234375
Georgia,2024,12,2379.616943359375
Georgia,2025,1,2379.616943359375
Georgia,2025,2,2379.616943359375
Georgia,2025,3,2242.12451171875
Georgia,2025,4,2242.12451171875
Georgia,2025,5,2242.12451171875
Georgia,2025,6,2419.4736328125
Georgia,2025,7,2419.4736328125
Georgia,2025,8,2419.4736328125
Georgia,2025,9,2237.005615234375
Georgia,2025,10,2237.005615234375
Georgia,2025,11,2237.005615234375
Georgia,2025,12,2379.616943359375
Hawaii,2022,1,5729.0078125
Hawaii,2022,2,4226.96826171875
Hawaii,2022,3,4506.44580078125
Hawaii,2022,4,6723.53759765625
Hawaii,2022,5,7291.49609375
Hawaii,2022,6,2806.236328125
Hawaii,2022,7,2891.567138671875
Hawaii,2022,8,6411.7890625
Hawaii,2022,9,7424.3447265625
Hawaii,2022,10,4513.462890625
Hawaii,2022,11,5823.49951171875
Hawaii,2022,12,7132.85205078125
Hawaii,2023,1,4383.98388671875
Hawaii,2023,2,6532.77880859375
Hawaii,2023,3,6905.39599609375
Hawaii,2023,4,5757.12939453125
Hawaii,2023,5,2760.549560546875
Hawaii,2023,6,4506.44580078125
Hawaii,2023,7,6520.83837890625
Hawaii,2023,8,5690.16845703125
Hawaii,2023,9,8156.716796875
Hawaii,2023,10,2633.603515625
Hawaii,2023,11,4160.34130859375
Hawaii,2023,12,6848.05322265625
Hawaii,2024,1,3055.15283203125
Hawaii,2024,2,3055.15283203125
Hawaii,2024,3,2846.527099609375
Hawaii,2024,4,2846.527099609375
Hawaii,2024,5,2846.527099609375
Hawaii,2024,6,3005.42919921875
Hawaii,2024,7,3005.42919921875
Hawaii,2024,8,3005.42919921875
Hawaii,2024,9,2821.093994140625
Hawaii,2024,10,2821.093994140625
Hawaii,2024,11,2821.093994140625
Hawaii,2024,12,3055.15283203125
Hawaii,2025,1,3055.15283203125
Hawaii,2025,2,3055.15283203125
Hawaii,2025,3,2846.527099609375
Hawaii,2025,4,2846.527099609375
Hawaii,2025,5,2846.527099609375
Hawaii,2025,6,3005.42919921875
Hawaii,2025,7,3005.42919921875
Hawaii,2025,8,3005.42919921875
Hawaii,2025,9,2821.093994140625
Hawaii,2025,10,2821.093994140625
Hawaii,2025,11,2821.093994140625
Hawaii,2025,12,3055.15283203125
Idaho,2022,1,503.6451721191406
Idaho,2022,2,2951.992431640625
Idaho,2022,3,691.410400390625
Idaho,2022,4,1111.1981201171875
Idaho,2022,5,1451.9539794921875
Idaho,2022,6,824.1343383789062
Idaho,2022,7,1896.9896240234375
Idaho,2022,8,1469.0147705078125
Idaho,2022,9,760.8847045898438
Idaho,2022,10,2056.126708984375
Idaho,2022,11,3956.897216796875
Idaho,2022,12,1414.8758544921875
Idaho,2023,1,2554.70361328125
Idaho,2023,2,600.07666015625
Idaho,2023,3,3234.23486328125
Idaho,2023,4,878.2417602539062
Idaho,2023,5,1026.784423828125
Idaho,2023,6,654.6235961914062
Idaho,2023,7,2823.550048828125
Idaho,2023,8,1516.648193359375
Idaho,2023,9,1103.708740234375
Idaho,2023,10,500.7998046875
Idaho,2023,11,881.6863403320312
Idaho,2023,12,3838.9599609375
Idaho,2024,1,841.4539794921875
Idaho,2024,2,841.4539794921875
Idaho,2024,3,757.4644165039062
Idaho,2024,4,757.4644165039062
Idaho,2024,5,757.4644165039062
Idaho,2024,6,758.4524536132812
Idaho,2024,7,758.4524536132812
Idaho,2024,8,758.4524536132812
Idaho,2024,9,757.4879760742188
Idaho,2024,10,757.4879760742188
Idaho,2024,11,757.4879760742188
Idaho,2024,12,841.4539794921875
Idaho,2025,1,841.4539794921875
Idaho,2025,2,841.4539794921875
Idaho,2025,3,757.4644165039062
Idaho,2025,4,757.4644165039062
Idaho,2025,5,757.4644165039062
Idaho,2025,6,758.4524536132812
Idaho,2025,7,758.4524536132812
Idaho,2025,8,758.4524536132812
Idaho,2025,9,757.4879760742188
Idaho,2025,10,757.4879760742188
Idaho,2025,11,757.4879760742188
Idaho,2025,12,841.4539794921875
Illinois,2022,1,5729.0078125
Illinois,2022,2,4226.96826171875
Illinois,2022,3,4506.44580078125
Illinois,2022,4,6723.53759765625
Illinois,2022,5,7291.49609375
Illinois,2022,6,2806.236328125
Illinois,2022,7,2891.567138671875
Illinois,2022,8,6411.7890625
Illinois,2022,9,7424.3447265625
Illinois,2022,10,4513.462890625
Illinois,2022,11,5823.49951171875
Illinois,2022,12,7132.85205078125
Illinois,2023,1,4383.98388671875
Illinois,2023,2,6532.77880859375
Illinois,2023,3,6905.39599609375
Illinois,2023,4,5757.12939453125
Illinois,2023,5,2760.549560546875
Illinois,2023,6,4506.44580078125
Illinois,2023,7,6520.83837890625
Illinois,2023,8,5690.16845703125
Illinois,2023,9,8156.716796875
Illinois,2023,10,2633.603515625
Illinois,2023,11,4160.34130859375
Illinois,2023,12,6848.05322265625
Illinois,2024,1,6337.84912109375
Illinois,2024,2,6337.84912109375
Illinois,2024,3,5885.3310546875
Illinois,2024,4,5885.3310546875
Illinois,2024,5,5885.3310546875
Illinois,2024,6,6188.65625
Illinois,2024,7,6188.65625
Illinois,2024,8,6188.65625
Illinois,2024,9,5809.3935546875
Illinois,2024,10,5809.3935546875
Illinois,2024,11,5809.3935546875
Illinois,2024,12,6337.84912109375
Illinois,2025,1,6337.84912109375
Illinois,2025,2,6337.84912109375
Illinois,2025,3,5885.3310546875
Illinois,2025,4,5885.3310546875
Illinois,2025,5,5885.3310546875
Illinois,2025,6,6188.65625
Illinois,2025,7,6188.65625
Illinois,2025,8,6188.65625
Illinois,2025,9,5809.3935546875
Illinois,2025,10,5809.3935546875
Illinois,2025,11,5809.3935546875
Illinois,2025,12,6337.84912109375
Indiana,2022,1,503.6451721191406
Indiana,2022,2,2951.992431640625
Indiana,2022,3,691.410400390625
Indiana,2022,4,1111.1981201171875
Indiana,2022,5,1451.9539794921875
Indiana,2022,6,824.1343383789062
Indiana,2022,7,1896.9896240234375
Indiana,2022,8,1469.0147705078125
Indiana,2022,9,760.8847045898438
Indiana,2022,10,2056.126708984375
Indiana,2022,11,3956.897216796875
Indiana,2022,12,1414.8758544921875
Indiana,2023,1,2554.70361328125
Indiana,2023,2,600.07666015625
Indiana,2023,3,3234.23486328125
Indiana,2023,4,878.2417602539062
Indiana,2023,5,1026.784423828125
Indiana,2023,6,654.6235961914062
Indiana,2023,7,2823.550048828125
Indiana,2023,8,1516.648193359375
Indiana,2023,9,1103.708740234375
Indiana,2023,10,500.7998046875
Indiana,2023,11,881.6863403320312
Indiana,2023,12,3838.9599609375
Indiana,2024,1,1909.727294921875
Indiana,2024,2,1909.727294921875
Indiana,2024,3,1805.371826171875
Indiana,2024,4,1805.371826171875
Indiana,2024,5,1805.371826171875
Indiana,2024,6,1800.212890625
Indiana,2024,7,1800.212890625
Indiana,2024,8,1800.212890625
Indiana,2024,9,1809.98876953125
Indiana,2024,10,1809.98876953125
Indiana,2024,11,1809.98876953125
Indiana,2024,12,1909.727294921875
Indiana,2025,1,1909.727294921875
Indiana,2025,2,1909.727294921875
Indiana,2025,3,1805.371826171875
Indiana,2025,4,1805.371826171875
Indiana,2025,5,1805.371826171875
Indiana,2025,6,1800.212890625
Indiana,2025,7,1800.212890625
Indiana,2025,8,1800.212890625
Indiana,2025,9,1809.98876953125
Indiana,2025,10,1809.98876953125
Indiana,2025,11,1809.98876953125
Indiana,2025,12,1909.727294921875
Iowa,2022,1,8880.142578125
Iowa,2022,2,8854.1015625
Iowa,2022,3,13055.244140625
Iowa,2022,4,29587.80078125
Iowa,2022,5,11880.0068359375
Iowa,2022,6,10673.0791015625
Iowa,2022,7,13140.2060546875
Iowa,2022,8,10790.7509765625
Iowa,2022,9,12519.96875
Iowa,2022,10,4796.76220703125
Iowa,2022,11,8586.603515625
Iowa,2022,12,6840.37109375
Iowa,2023,1,6624.287109375
Iowa,2023,2,20101.228515625
Iowa,2023,3,17258.9453125
Iowa,2023,4,5051.4453125
Iowa,2023,5,12625.708984375
Iowa,2023,6,8832.4873046875
Iowa,2023,7,29375.1015625
Iowa,2023,8,9236.1552734375
Iowa,2023,9,6800.4208984375
Iowa,2023,10,4796.76220703125
Iowa,2023,11,8848.7880859375
Iowa,2023,12,6840.37109375
Iowa,2024,1,11743.8505859375
Iowa,2024,2,11743.8505859375
Iowa,2024,3,10910.17578125
Iowa,2024,4,10910.17578125
Iowa,2024,5,10910.17578125
Iowa,2024,6,12329.791015625
Iowa,2024,7,12329.791015625
Iowa,2024,8,12329.791015625
Iowa,2024,9,10903.0615234375
Iowa,2024,10,10903.0615234375
Iowa,2024,11,10903.0615234375
Iowa,2024,12,11743.8505859375
Iowa,2025,1,11743.8505859375
Iowa,2025,2,11743.8505859375
Iowa,2025,3,10910.17578125
Iowa,2025,4,10910.17578125
Iowa,2025,5,10910.17578125
Iowa,2025,6,12329.791015625
Iowa,2025,7,12329.791015625
Iowa,2025,8,12329.791015625
Iowa,2025,9,10903.0615234375
Iowa,2025,10,10903.0615234375
Iowa,2025,11,10903.0615234375
Iowa,2025,12,11743.8505859375
Kansas,2022,1,8880.142578125
Kansas,2022,2,8854.1015625
Kansas,2022,3,13055.244140625
Kansas,2022,4,29587.80078125
Kansas,2022,5,11880.0068359375
Kansas,2022,6,10673.0791015625
Kansas,2022,7,13140.2060546875
Kansas,2022,8,10790.7509765625
Kansas,2022,9,12519.96875
Kansas,2022,10,4796.76220703125
Kansas,2022,11,8586.603515625
Kansas,2022,12,6840.37109375
Kansas,2023,1,6624.287109375
Kansas,2023,2,20101.228515625
Kansas,2023,3,17258.9453125
Kansas,2023,4,5051.4453125
Kansas,2023,5,12625.708984375
Kansas,2023,6,8832.4873046875
Kansas,2023,7,29375.1015625
Kansas,2023,8,9236.1552734375
Kansas,2023,9,6800.4208984375
Kansas,2023,10,4796.76220703125
Kansas,2023,11,8848.7880859375
Kansas,2023,12,6840.37109375
Kansas,2024,1,9424.318359375
Kansas,2024,2,9424.318359375
Kansas,2024,3,8648.2431640625
Kansas,2024,4,8648.2431640625
Kansas,2024,5,8648.2431640625
Kansas,2024,6,9328.56640625
Kansas,2024,7,9328.56640625
Kansas,2024,8,9328.56640625
Kansas,2024,9,8669.0673828125
Kansas,2024,10,8669.0673828125
Kansas,2024,11,8669.0673828125
Kansas,2024,12,9424.318359375
Kansas,2025,1,9424.318359375
Kansas,2025,2,9424.318359375
Kansas,2025,3,8648.2431640625
Kansas,2025,4,8648.2431640625
Kansas,2025,5,8648.2431640625
Kansas,2025,6,9328.56640625
Kansas,2025,7,9328.56640625
Kansas,2025,8,9328.56640625
Kansas,2025,9,8669.0673828125
Kansas,2025,10,8669.0673828125
Kansas,2025,11,8669.0673828125
Kansas,2025,12,9424.318359375
Kentucky,2022,1,503.6451721191406
Kentucky,2022,2,2951.992431640625
Kentucky,2022,3,691.410400390625
Kentucky,2022,4,1111.1981201171875
Kentucky,2022,5,1451.9539794921875
Kentucky,2022,6,824.1343383789062
Kentucky,2022,7,1896.9896240234375
Kentucky,2022,8,1469.0147705078125
Kentucky,2022,9,760.8847045898438
Kentucky,2022,10,2056.126708984375
Kentucky,2022,11,3956.897216796875
Kentucky,2022,12,1414.8758544921875
Kentucky,2023,1,2554.70361328125
Kentucky,2023,2,600.07666015625
Kentucky,2023,3,3234.23486328125
Kentucky,2023,4,878.2417602539062
Kentucky,2023,5,1026.784423828125
Kentucky,2023,6,654.6235961914062
Kentucky,2023,7,2823.550048828125
Kentucky,2023,8,1516.648193359375
Kentucky,2023,9,1103.708740234375
Kentucky,2023,10,500.7998046875
Kentucky,2023,11,881.6863403320312
Kentucky,2023,12,3838.9599609375
Kentucky,2024,1,1378.0821533203125
Kentucky,2024,2,1378.0821533203125
Kentucky,2024,3,1289.7435302734375
Kentucky,2024,4,1289.7435302734375
Kentucky,2024,5,1289.7435302734375
Kentucky,2024,6,1243.7513427734375
Kentucky,2024,7,1243.7513427734375
Kentucky,2024,8,1243.7513427734375
Kentucky,2024,9,1289.7435302734375
Kentucky,2024,10,1289.7435302734375
Kentucky,2024,11,1289.7435302734375
Kentucky,2024,12,1378.0821533203125
Kentucky,2025,1,1341.044921875
Kentucky,2025,2,1341.044921875
Kentucky,2025,3,1252.706298828125
Kentucky,2025,4,1252.706298828125
Kentucky,2025,5,1252.706298828125
Kentucky,2025,6,1199.662109375
Kentucky,2025,7,1199.662109375
Kentucky,2025,8,1199.662109375
Kentucky,2025,9,1252.706298828125
Kentucky,2025,10,1252.706298828125
Kentucky,2025,11,1252.706298828125
Kentucky,2025,12,1341.044921875
Louisiana,2022,1,8880.142578125
Louisiana,2022,2,8854.1015625
Louisiana,2022,3,13055.244140625
Louisiana,2022,4,29587.80078125
Louisiana,2022,5,11880.0068359375
Louisiana,2022,6,10673.0791015625
Louisiana,2022,7,13140.2060546875
Louisiana,2022,8,10790.7509765625
Louisiana,2022,9,12519.96875
Louisiana,2022,10,4796.76220703125
Louisiana,2022,11,8586.603515625
Louisiana,2022,12,6840.37109375
Louisiana,2023,1,6624.287109375
Louisiana,2023,2,20101.228515625
Louisiana,2023,3,17258.9453125
Louisiana,2023,4,5051.4453125
Louisiana,2023,5,12625.708984375
Louisiana,2023,6,8832.4873046875
Louisiana,2023,7,29375.1015625
Louisiana,2023,8,9236.1552734375
Louisiana,2023,9,6800.4208984375
Louisiana,2023,10,4796.76220703125
Louisiana,2023,11,8848.7880859375
Louisiana,2023,12,6840.37109375
Louisiana,2024,1,12681.5693359375
Louisiana,2024,2,12681.5693359375
Louisiana,2024,3,11635.802734375
Louisiana,2024,4,11635.802734375
Louisiana,2024,5,11635.802734375
Louisiana,2024,6,12448.6201171875
Louisiana,2024,7,12448.6201171875
Louisiana,2024,8,12448.6201171875
Louisiana,2024,9,11519.248046875
Louisiana,2024,10,11519.248046875
Louisiana,2024,11,11519.248046875
Louisiana,2024,12,12681.5693359375
Louisiana,2025,1,12681.5693359375
Louisiana,2025,2,12681.5693359375
Louisiana,2025,3,11635.802734375
Louisiana,2025,4,11635.802734375
Louisiana,2025,5,11635.802734375
Louisiana,2025,6,12448.6201171875
Louisiana,2025,7,12448.6201171875
Louisiana,2025,8,12448.6201171875
Louisiana,2025,9,11519.248046875
Louisiana,2025,10,11519.248046875
Louisiana,2025,11,11519.248046875
Louisiana,2025,12,12681.5693359375
Maine,2022,1,5729.0078125
Maine,2022,2,4226.96826171875
Maine,2022,3,4506.44580078125
Maine,2022,4,6723.53759765625
Maine,2022,5,7291.49609375
Maine,2022,6,2806.236328125
Maine,2022,7,2891.567138671875
Maine,2022,8,6411.7890625
Maine,2022,9,7424.3447265625
Maine,2022,10,4513.462890625
Maine,2022,11,5823.49951171875
Maine,2022,12,7132.85205078125
Maine,2023,1,4383.98388671875
Maine,2023,2,6532.77880859375
Maine,2023,3,6905.39599609375
Maine,2023,4,5757.12939453125
Maine,2023,5,2760.549560546875
Maine,2023,6,4506.44580078125
Maine,2023,7,6520.83837890625
Maine,2023,8,5690.16845703125
Maine,2023,9,8156.716796875
Maine,2023,10,2633.603515625
Maine,2023,11,4160.34130859375
Maine,2023,12,6848.05322265625
Maine,2024,1,5109.748046875
Maine,2024,2,5109.748046875
Maine,2024,3,4498.69482421875
Maine,2024,4,4498.69482421875
Maine,2024,5,4498.69482421875
Maine,2024,6,4688.0859375
Maine,2024,7,4688.0859375
Maine,2024,8,4688.0859375
Maine,2024,9,4524.642578125
Maine,2024,10,4524.642578125
Maine,2024,11,4524.642578125
Maine,2024,12,5109.748046875
Maine,2025,1,5109.748046875
Maine,2025,2,5109.748046875
Maine,2025,3,4498.69482421875
Maine,2025,4,4498.69482421875
Maine,2025,5,4498.69482421875
Maine,2025,6,4688.0859375
Maine,2025,7,4688.0859375
Maine,2025,8,4688.0859375
Maine,2025,9,4524.642578125
Maine,2025,10,4524.642578125
Maine,2025,11,4524.642578125
Maine,2025,12,5109.748046875
Maryland,2022,1,5729.0078125
Maryland,2022,2,4226.96826171875
Maryland,2022,3,4506.44580078125
Maryland,2022,4,6723.53759765625
Maryland,2022,5,7291.49609375
Maryland,2022,6,2806.236328125
Maryland,2022,7,2891.567138671875
Maryland,2022,8,6411.7890625
Maryland,2022,9,7424.3447265625
Maryland,2022,10,4513.462890625
Maryland,2022,11,5823.49951171875
Maryland,2022,12,7132.85205078125
Maryland,2023,1,4383.98388671875
Maryland,2023,2,6532.77880859375
Maryland,2023,3,6905.39599609375
Maryland,2023,4,5757.12939453125
Maryland,2023,5,2760.549560546875
Maryland,2023,6,4506.44580078125
Maryland,2023,7,6520.83837890625
Maryland,2023,8,5690.16845703125
Maryland,2023,9,8156.716796875
Maryland,2023,10,2633.603515625
Maryland,2023,11,4160.34130859375
Maryland,2023,12,6848.05322265625
Maryland,2024,1,4629.85693359375
Maryland,2024,2,4629.85693359375
Maryland,2024,3,4084.947265625
Maryland,2024,4,4084.947265625
Maryland,2024,5,4084.947265625
Maryland,2024,6,4345.34326171875
Maryland,2024,7,4345.34326171875
Maryland,2024,8,4345.34326171875
Maryland,2024,9,4079.114013671875
Maryland,2024,10,4079.114013671875
Maryland,2024,11,4079.114013671875
Maryland,2024,12,4629.85693359375
Maryland,2025,1,4629.85693359375
Maryland,2025,2,4629.85693359375
Maryland,2025,3,4084.947265625
Maryland,2025,4,4084.947265625
Maryland,2025,5,4084.947265625
Maryland,2025,6,4345.34326171875
Maryland,2025,7,4345.34326171875
Maryland,2025,8,4345.34326171875
Maryland,2025,9,4079.114013671875
Maryland,2025,10,4079.114013671875
Maryland,2025,11,4079.114013671875
Maryland,2025,12,4629.85693359375
Massachusetts,2022,1,8880.142578125
Massachusetts,2022,2,8854.1015625
Massachusetts,2022,3,13055.244140625
Massachusetts,2022,4,29587.80078125
Massachusetts,2022,5,11880.0068359375
Massachusetts,2022,6,10673.0791015625
Massachusetts,2022,7,13140.2060546875
Massachusetts,2022,8,10790.7509765625
Massachusetts,2022,9,12519.96875
Massachusetts,2022,10,4796.76220703125
Massachusetts,2022,11,8586.603515625
Massachusetts,2022,12,6840.37109375
Massachusetts,2023,1,6624.287109375
Massachusetts,2023,2,20101.228515625
Massachusetts,2023,3,17258.9453125
Massachusetts,2023,4,5051.4453125
Massachusetts,2023,5,12625.708984375
Massachusetts,2023,6,8832.4873046875
Massachusetts,2023,7,29375.1015625
Massachusetts,2023,8,9236.1552734375
Massachusetts,2023,9,6800.4208984375
Massachusetts,2023,10,4796.76220703125
Massachusetts,2023,11,8848.7880859375
Massachusetts,2023,12,6840.37109375
Massachusetts,2024,1,12543.0498046875
Massachusetts,2024,2,12543.0498046875
Massachusetts,2024,3,11663.119140625
Massachusetts,2024,4,11663.119140625
Massachusetts,2024,5,11663.119140625
Massachusetts,2024,6,12979.7587890625
Massachusetts,2024,7,12979.7587890625
Massachusetts,2024,8,12979.7587890625
Massachusetts,2024,9,11546.564453125
Massachusetts,2024,10,11546.564453125
Massachusetts,2024,11,11546.564453125
Massachusetts,2024,12,12543.0498046875
Massachusetts,2025,1,12543.0498046875
Massachusetts,2025,2,12543.0498046875
Massachusetts,2025,3,11663.119140625
Massachusetts,2025,4,11663.119140625
Massachusetts,2025,5,11663.119140625
Massachusetts,2025,6,12979.7587890625
Massachusetts,2025,7,12979.7587890625
Massachusetts,2025,8,12979.7587890625
Massachusetts,2025,9,11546.564453125
Massachusetts,2025,10,11546.564453125
Massachusetts,2025,11,11546.564453125
Massachusetts,2025,12,12543.0498046875
Michigan,2022,1,503.6451721191406
Michigan,2022,2,2951.992431640625
Michigan,2022,3,691.410400390625
Michigan,2022,4,1111.1981201171875
Michigan,2022,5,1451.9539794921875
Michigan,2022,6,824.1343383789062
Michigan,2022,7,1896.9896240234375
Michigan,2022,8,1469.0147705078125
Michigan,2022,9,760.8847045898438
Michigan,2022,10,2056.126708984375
Michigan,2022,11,3956.897216796875
Michigan,2022,12,1414.8758544921875
Michigan,2023,1,2554.70361328125
Michigan,2023,2,600.07666015625
Michigan,2023,3,3234.23486328125
Michigan,2023,4,878.2417602539062
Michigan,2023,5,1026.784423828125
Michigan,2023,6,654.6235961914062
Michigan,2023,7,2823.550048828125
Michigan,2023,8,1516.648193359375
Michigan,2023,9,1103.708740234375
Michigan,2023,10,500.7998046875
Michigan,2023,11,881.6863403320312
Michigan,2023,12,3838.9599609375
Michigan,2024,1,643.126708984375
Michigan,2024,2,643.126708984375
Michigan,2024,3,605.759033203125
Michigan,2024,4,605.759033203125
Michigan,2024,5,605.759033203125
Michigan,2024,6,613.0534057617188
Michigan,2024,7,613.0534057617188
Michigan,2024,8,613.0534057617188
Michigan,2024,9,605.759033203125
Michigan,2024,10,605.759033203125
Michigan,2024,11,605.759033203125
Michigan,2024,12,643.126708984375
Michigan,2025,1,643.126708984375
Michigan,2025,2,643.126708984375
Michigan,2025,3,605.759033203125
Michigan,2025,4,605.759033203125
Michigan,2025,5,605.759033203125
Michigan,2025,6,613.0534057617188
Michigan,2025,7,613.0534057617188
Michigan,2025,8,613.0534057617188
Michigan,2025,9,605.759033203125
Michigan,2025,10,605.759033203125
Michigan,2025,11,605.759033203125
Michigan,2025,12,643.126708984375
Minnesota,2022,1,5729.0078125
Minnesota,2022,2,4226.96826171875
Minnesota,2022,3,4506.44580078125
Minnesota,2022,4,6723.53759765625
Minnesota,2022,5,7291.49609375
Minnesota,2022,6,2806.236328125
Minnesota,2022,7,2891.567138671875
Minnesota,2022,8,6411.7890625
Minnesota,2022,9,7424.3447265625
Minnesota,2022,10,4513.462890625
Minnesota,2022,11,5823.49951171875
Minnesota,2022,12,7132.85205078125
Minnesota,2023,1,4383.98388671875
Minnesota,2023,2,6532.77880859375
Minnesota,2023,3,6905.39599609375
Minnesota,2023,4,5757.12939453125
Minnesota,2023,5,2760.549560546875
Minnesota,2023,6,4506.44580078125
Minnesota,2023,7,6520.83837890625
Minnesota,2023,8,5690.16845703125
Minnesota,2023,9,8156.716796875
Minnesota,2023,10,2633.603515625
Minnesota,2023,11,4160.34130859375
Minnesota,2023,12,6848.05322265625
Minnesota,2024,1,6844.2431640625
Minnesota,2024,2,6844.2431640625
Minnesota,2024,3,6007.51123046875
Minnesota,2024,4,6007.51123046875
Minnesota,2024,5,6007.51123046875
Minnesota,2024,6,6257.58447265625
Minnesota,2024,7,6257.58447265625
Minnesota,2024,8,6257.58447265625
Minnesota,2024,9,6079.666015625
Minnesota,2024,10,6079.666015625
Minnesota,2024,11,6079.666015625
Minnesota,2024,12,6844.2431640625
Minnesota,2025,1,4049.576416015625
Minnesota,2025,2,4049.576416015625
Minnesota,2025,3,3538.67529296875
Minnesota,2025,4,3538.67529296875
Minnesota,2025,5,3538.67529296875
Minnesota,2025,6,4056.2568359375
Minnesota,2025,7,4056.2568359375
Minnesota,2025,8,4056.2568359375
Minnesota,2025,9,3561.835205078125
Minnesota,2025,10,3561.835205078125
Minnesota,2025,11,3561.835205078125
Minnesota,2025,12,4049.576416015625
Mississippi,2022,1,503.6451721191406
Mississippi,2022,2,2951.992431640625
Mississippi,2022,3,691.410400390625
Mississippi,2022,4,1111.1981201171875
Mississippi,2022,5,1451.9539794921875
Mississippi,2022,6,824.1343383789062
Mississippi,2022,7,1896.9896240234375
Mississippi,2022,8,1469.0147705078125
Mississippi,2022,9,760.8847045898438
Mississippi,2022,10,2056.126708984375
Mississippi,2022,11,3956.897216796875
Mississippi,2022,12,1414.8758544921875
Mississippi,2023,1,2554.70361328125
Mississippi,2023,2,600.07666015625
Mississippi,2023,3,3234.23486328125
Mississippi,2023,4,878.2417602539062
Mississippi,2023,5,1026.784423828125
Mississippi,2023,6,654.6235961914062
Mississippi,2023,7,2823.550048828125
Mississippi,2023,8,1516.648193359375
Mississippi,2023,9,1103.708740234375
Mississippi,2023,10,500.7998046875
Mississippi,2023,11,881.6863403320312
Mississippi,2023,12,3838.9599609375
Mississippi,2024,1,1053.6197509765625
Mississippi,2024,2,1053.6197509765625
Mississippi,2024,3,976.2274780273438
Mississippi,2024,4,976.2274780273438
Mississippi,2024,5,976.2274780273438
Mississippi,2024,6,1019.3328247070312
Mississippi,2024,7,1019.3328247070312
Mississippi,2024,8,1019.3328247070312
Mississippi,2024,9,976.2274780273438
Mississippi,2024,10,976.2274780273438
Mississippi,2024,11,976.2274780273438
Mississippi,2024,12,1053.6197509765625
Mississippi,2025,1,1053.6197509765625
Mississippi,2025,2,1053.6197509765625
Mississippi,2025,3,976.2274780273438
Mississippi,2025,4,976.2274780273438
Mississippi,2025,5,976.2274780273438
Mississippi,2025,6,1019.3328247070312
Mississippi,2025,7,1019.3328247070312
Mississippi,2025,8,1019.3328247070312
Mississippi,2025,9,976.2274780273438
Mississippi,2025,10,976.2274780273438
Mississippi,2025,11,976.2274780273438
Mississippi,2025,12,1053.6197509765625
Missouri,2022,1,5729.0078125
Missouri,2022,2,4226.96826171875
Missouri,2022,3,4506.44580078125
Missouri,2022,4,6723.53759765625
Missouri,2022,5,7291.49609375
Missouri,2022,6,2806.236328125
Missouri,2022,7,2891.567138671875
Missouri,2022,8,6411.7890625
Missouri,2022,9,7424.3447265625
Missouri,2022,10,4513.462890625
Missouri,2022,11,5823.49951171875
Missouri,2022,12,7132.85205078125
Missouri,2023,1,4383.98388671875
Missouri,2023,2,6532.77880859375
Missouri,2023,3,6905.39599609375
Missouri,2023,4,5757.12939453125
Missouri,2023,5,2760.549560546875
Missouri,2023,6,4506.44580078125
Missouri,2023,7,6520.83837890625
Missouri,2023,8,5690.16845703125
Missouri,2023,9,8156.716796875
Missouri,2023,10,2633.603515625
Missouri,2023,11,4160.34130859375
Missouri,2023,12,6848.05322265625
Missouri,2024,1,7313.859375
Missouri,2024,2,7313.859375
Missouri,2024,3,6437.63671875
Missouri,2024,4,6437.63671875
Missouri,2024,5,6437.63671875
Missouri,2024,6,7070.68017578125
Missouri,2024,7,7070.68017578125
Missouri,2024,8,7070.68017578125
Missouri,2024,9,6498.36669921875
Missouri,2024,10,6498.36669921875
Missouri,2024,11,6498.36669921875
Missouri,2024,12,7313.859375
Missouri,2025,1,7313.859375
Missouri,2025,2,7313.859375
Missouri,2025,3,6437.63671875
Missouri,2025,4,6437.63671875
Missouri,2025,5,6437.63671875
Missouri,2025,6,7070.68017578125
Missouri,2025,7,7070.68017578125
Missouri,2025,8,7070.68017578125
Missouri,2025,9,6498.36669921875
Missouri,2025,10,6498.36669921875
Missouri,2025,11,6498.36669921875
Missouri,2025,12,7313.859375
Montana,2022,1,8880.142578125
Montana,2022,2,8854.1015625
Montana,2022,3,13055.244140625
Montana,2022,4,29587.80078125
Montana,2022,5,11880.0068359375
Montana,2022,6,10673.0791015625
Montana,2022,7,13140.2060546875
Montana,2022,8,10790.7509765625
Montana,2022,9,12519.96875
Montana,2022,10,4796.76220703125
Montana,2022,11,8586.603515625
Montana,2022,12,6840.37109375
Montana,2023,1,6624.287109375
Montana,2023,2,20101.228515625
Montana,2023,3,17258.9453125
Montana,2023,4,5051.4453125
Montana,2023,5,12625.708984375
Montana,2023,6,8832.4873046875
Montana,2023,7,29375.1015625
Montana,2023,8,9236.1552734375
Montana,2023,9,6800.4208984375
Montana,2023,10,4796.76220703125
Montana,2023,11,8848.7880859375
Montana,2023,12,6840.37109375
Montana,2024,1,27626.5703125
Montana,2024,2,27626.5703125
Montana,2024,3,26184.517578125
Montana,2024,4,26184.517578125
Montana,2024,5,26184.517578125
Montana,2024,6,28979.765625
Montana,2024,7,28979.765625
Montana,2024,8,28979.765625
Montana,2024,9,27355.068359375
Montana,2024,10,27355.068359375
Montana,2024,11,27355.068359375
Montana,2024,12,27626.5703125
Montana,2025,1,27626.5703125
Montana,2025,2,27626.5703125
Montana,2025,3,26184.517578125
Montana,2025,4,26184.517578125
Montana,2025,5,26184.517578125
Montana,2025,6,28979.765625
Montana,2025,7,28979.765625
Montana,2025,8,28979.765625
Montana,2025,9,27355.068359375
Montana,2025,10,27355.068359375
Montana,2025,11,27355.068359375
Montana,2025,12,27626.5703125
Nebraska,2022,1,5729.0078125
Nebraska,2022,2,4226.96826171875
Nebraska,2022,3,4506.44580078125
Nebraska,2022,4,6723.53759765625
Nebraska,2022,5,7291.49609375
Nebraska,2022,6,2806.236328125
Nebraska,2022,7,2891.567138671875
Nebraska,2022,8,6411.7890625
Nebraska,2022,9,7424.3447265625
Nebraska,2022,10,4513.462890625
Nebraska,2022,11,5823.49951171875
Nebraska,2022,12,7132.85205078125
Nebraska,2023,1,4383.98388671875
Nebraska,2023,2,6532.77880859375
Nebraska,2023,3,6905.39599609375
Nebraska,2023,4,5757.12939453125
Nebraska,2023,5,2760.549560546875
Nebraska,2023,6,4506.44580078125
Nebraska,2023,7,6520.83837890625
Nebraska,2023,8,5690.16845703125
Nebraska,2023,9,8156.716796875
Nebraska,2023,10,2633.603515625
Nebraska,2023,11,4160.34130859375
Nebraska,2023,12,6848.05322265625
Nebraska,2024,1,2999.6142578125
Nebraska,2024,2,2999.6142578125
Nebraska,2024,3,2710.309326171875
Nebraska,2024,4,2710.309326171875
Nebraska,2024,5,2710.309326171875
Nebraska,2024,6,2793.245361328125
Nebraska,2024,7,2793.245361328125
Nebraska,2024,8,2793.245361328125
Nebraska,2024,9,2684.8759765625
Nebraska,2024,10,2684.8759765625
Nebraska,2024,11,2684.8759765625
Nebraska,2024,12,2999.6142578125
Nebraska,2025,1,2999.6142578125
Nebraska,2025,2,2999.6142578125
Nebraska,2025,3,2710.309326171875
Nebraska,2025,4,2710.309326171875
Nebraska,2025,5,2710.309326171875
Nebraska,2025,6,2793.245361328125
Nebraska,2025,7,2793.245361328125
Nebraska,2025,8,2793.245361328125
Nebraska,2025,9,2684.8759765625
Nebraska,2025,10,2684.8759765625
Nebraska,2025,11,2684.8759765625
Nebraska,2025,12,2999.6142578125
Nevada,2022,1,503.6451721191406
Nevada,2022,2,2951.992431640625
Nevada,2022,3,691.410400390625
Nevada,2022,4,1111.1981201171875
Nevada,2022,5,1451.9539794921875
Nevada,2022,6,824.1343383789062
Nevada,2022,7,1896.9896240234375
Nevada,2022,8,1469.0147705078125
Nevada,2022,9,760.8847045898438
Nevada,2022,10,2056.126708984375
Nevada,2022,11,3956.897216796875
Nevada,2022,12,1414.8758544921875
Nevada,2023,1,2554.70361328125
Nevada,2023,2,600.07666015625
Nevada,2023,3,3234.23486328125
Nevada,2023,4,878.2417602539062
Nevada,2023,5,1026.784423828125
Nevada,2023,6,654.6235961914062
Nevada,2023,7,2823.550048828125
Nevada,2023,8,1516.648193359375
Nevada,2023,9,1103.708740234375
Nevada,2023,10,500.7998046875
Nevada,2023,11,881.6863403320312
Nevada,2023,12,3838.9599609375
Nevada,2024,1,472.131103515625
Nevada,2024,2,472.131103515625
Nevada,2024,3,414.8523254394531
Nevada,2024,4,414.8523254394531
Nevada,2024,5,414.8523254394531
Nevada,2024,6,402.59661865234375
Nevada,2024,7,402.59661865234375
Nevada,2024,8,402.59661865234375
Nevada,2024,9,412.95574951171875
Nevada,2024,10,412.95574951171875
Nevada,2024,11,412.95574951171875
Nevada,2024,12,472.131103515625
Nevada,2025,1,472.131103515625
Nevada,2025,2,472.131103515625
Nevada,2025,3,414.8523254394531
Nevada,2025,4,414.8523254394531
Nevada,2025,5,414.8523254394531
Nevada,2025,6,402.59661865234375
Nevada,2025,7,402.59661865234375
Nevada,2025,8,402.59661865234375
Nevada,2025,9,412.95574951171875
Nevada,2025,10,412.95574951171875
Nevada,2025,11,412.95574951171875
Nevada,2025,12,472.131103515625
New Hampshire,2022,1,8880.142578125
New Hampshire,2022,2,8854.1015625
New Hampshire,2022,3,13055.244140625
New Hampshire,2022,4,29587.80078125
New Hampshire,2022,5,11880.0068359375
New Hampshire,2022,6,10673.0791015625
New Hampshire,2022,7,13140.2060546875
New Hampshire,2022,8,10790.7509765625
New Hampshire,2022,9,12519.96875
New Hampshire,2022,10,4796.76220703125
New Hampshire,2022,11,8586.603515625
New Hampshire,2022,12,6840.37109375
New Hampshire,2023,1,6624.287109375
New Hampshire,2023,2,20101.228515625
New Hampshire,2023,3,17258.9453125
New Hampshire,2023,4,5051.4453125
New Hampshire,2023,5,12625.708984375
New Hampshire,2023,6,8832.4873046875
New Hampshire,2023,7,29375.1015625
New Hampshire,2023,8,9236.1552734375
New Hampshire,2023,9,6800.4208984375
New Hampshire,2023,10,4796.76220703125
New Hampshire,2023,11,8848.7880859375
New Hampshire,2023,12,6840.37109375
New Hampshire,2024,1,8696.0283203125
New Hampshire,2024,2,8696.0283203125
New Hampshire,2024,3,8301.8779296875
New Hampshire,2024,4,8301.8779296875
New Hampshire,2024,5,8301.8779296875
New Hampshire,2024,6,8293.1796875
New Hampshire,2024,7,8293.1796875
New Hampshire,2024,8,8293.1796875
New Hampshire,2024,9,8226.7265625
New Hampshire,2024,10,8226.7265625
New Hampshire,2024,11,8226.7265625
New Hampshire,2024,12,8696.0283203125
New Hampshire,2025,1,8696.0283203125
New Hampshire,2025,2,8696.0283203125
New Hampshire,2025,3,8301.8779296875
New Hampshire,2025,4,8301.8779296875
New Hampshire,2025,5,8301.8779296875
New Hampshire,2025,6,8293.1796875
New Hampshire,2025,7,8293.1796875
New Hampshire,2025,8,8293.1796875
New Hampshire,2025,9,8226.7265625
New Hampshire,2025,10,8226.7265625
New Hampshire,2025,11,8226.7265625
New Hampshire,2025,12,8696.0283203125
New Jersey,2022,1,8880.142578125
New Jersey,2022,2,8854.1015625
New Jersey,2022,3,13055.244140625
New Jersey,2022,4,29587.80078125
New Jersey,2022,5,11880.0068359375
New Jersey,2022,6,10673.0791015625
New Jersey,2022,7,13140.2060546875
New Jersey,2022,8,10790.7509765625
New Jersey,2022,9,12519.96875
New Jersey,2022,10,4796.76220703125
New Jersey,2022,11,8586.603515625
New Jersey,2022,12,6840.37109375
New Jersey,2023,1,6624.287109375
New Jersey,2023,2,20101.228515625
New Jersey,2023,3,17258.9453125
New Jersey,2023,4,5051.4453125
New Jersey,2023,5,12625.708984375
New Jersey,2023,6,8832.4873046875
New Jersey,2023,7,29375.1015625
New Jersey,2023,8,9236.1552734375
New Jersey,2023,9,6800.4208984375
New Jersey,2023,10,4796.76220703125
New Jersey,2023,11,8848.7880859375
New Jersey,2023,12,6840.37109375
New Jersey,2024,1,8684.3017578125
New Jersey,2024,2,8684.3017578125
New Jersey,2024,3,8144.123046875
New Jersey,2024,4,8144.123046875
New Jersey,2024,5,8144.123046875
New Jersey,2024,6,8598.9326171875
New Jersey,2024,7,8598.9326171875
New Jersey,2024,8,8598.9326171875
New Jersey,2024,9,8064.95068359375
New Jersey,2024,10,8064.95068359375
New Jersey,2024,11,8064.95068359375
New Jersey,2024,12,8684.3017578125
New Jersey,2025,1,8684.3017578125
New Jersey,2025,2,8684.3017578125
New Jersey,2025,3,8144.123046875
New Jersey,2025,4,8144.123046875
New Jersey,2025,5,8144.123046875
New Jersey,2025,6,8598.9326171875
New Jersey,2025,7,8598.9326171875
New Jersey,2025,8,8598.9326171875
New Jersey,2025,9,8064.95068359375
New Jersey,2025,10,8064.95068359375
New Jersey,2025,11,8064.95068359375
New Jersey,2025,12,8684.3017578125
New Mexico,2022,1,503.6451721191406
New Mexico,2022,2,2951.992431640625
New Mexico,2022,3,691.410400390625
New Mexico,2022,4,1111.1981201171875
New Mexico,2022,5,1451.9539794921875
New Mexico,2022,6,824.1343383789062
New Mexico,2022,7,1896.9896240234375
New Mexico,2022,8,1469.0147705078125
New Mexico,2022,9,760.8847045898438
New Mexico,2022,10,2056.126708984375
New Mexico,2022,11,3956.897216796875
New Mexico,2022,12,1414.8758544921875
New Mexico,2023,1,2554.70361328125
New Mexico,2023,2,600.07666015625
New Mexico,2023,3,3234.23486328125
New Mexico,2023,4,878.2417602539062
New Mexico,2023,5,1026.784423828125
New Mexico,2023,6,654.6235961914062
New Mexico,2023,7,2823.550048828125
New Mexico,2023,8,1516.648193359375
New Mexico,2023,9,1103.708740234375
New Mexico,2023,10,500.7998046875
New Mexico,2023,11,881.6863403320312
New Mexico,2023,12,3838.9599609375
New Mexico,2024,1,1637.56640625
New Mexico,2024,2,1637.56640625
New Mexico,2024,3,1464.86669921875
New Mexico,2024,4,1464.86669921875
New Mexico,2024,5,1464.86669921875
New Mexico,2024,6,1406.5816650390625
New Mexico,2024,7,1406.5816650390625
New Mexico,2024,8,1406.5816650390625
New Mexico,2024,9,1464.86669921875
New Mexico,2024,10,1464.86669921875
New Mexico,2024,11,1464.86669921875
New Mexico,2024,12,1637.56640625
New Mexico,2025,1,1637.56640625
New Mexico,2025,2,1637.56640625
New Mexico,2025,3,1464.86669921875
New Mexico,2025,4,1464.86669921875
New Mexico,2025,5,1464.86669921875
New Mexico,2025,6,1406.5816650390625
New Mexico,2025,7,1406.5816650390625
New Mexico,2025,8,1406.5816650390625
New Mexico,2025,9,1464.86669921875
New Mexico,2025,10,1464.86669921875
New Mexico,2025,11,1464.86669921875
New Mexico,2025,12,1637.56640625
New York,2022,1,5729.0078125
New York,2022,2,4226.96826171875
New York,2022,3,4506.44580078125
New York,2022,4,6723.53759765625
New York,2022,5,7291.49609375
New York,2022,6,2806.236328125
New York,2022,7,2891.567138671875
New York,2022,8,6411.7890625
New York,2022,9,7424.3447265625
New York,2022,10,4513.462890625
New York,2022,11,5823.49951171875
New York,2022,12,7132.85205078125
New York,2023,1,4383.98388671875
New York,2023,2,6532.77880859375
New York,2023,3,6905.39599609375
New York,2023,4,5757.12939453125
New York,2023,5,2760.549560546875
New York,2023,6,4506.44580078125
New York,2023,7,6520.83837890625
New York,2023,8,5690.16845703125
New York,2023,9,8156.716796875
New York,2023,10,2633.603515625
New York,2023,11,4160.34130859375
New York,2023,12,6848.05322265625
New York,2024,1,5968.9765625
New York,2024,2,5968.9765625
New York,2024,3,5591.197265625
New York,2024,4,5591.197265625
New York,2024,5,5591.197265625
New York,2024,6,5706.7392578125
New York,2024,7,5706.7392578125
New York,2024,8,5706.7392578125
New York,2024,9,5545.20263671875
New York,2024,10,5545.20263671875
New York,2024,11,5545.20263671875
New York,2024,12,5968.9765625
New York,2025,1,5968.9765625
New York,2025,2,5968.9765625
New York,2025,3,5591.197265625
New York,2025,4,5591.197265625
New York,2025,5,5591.197265625
New York,2025,6,5706.7392578125
New York,2025,7,5706.7392578125
New York,2025,8,5706.7392578125
New York,2025,9,5545.20263671875
New York,2025,10,5545.20263671875
New York,2025,11,5545.20263671875
New York,2025,12,5968.9765625
North Carolina,2022,1,503.6451721191406
North Carolina,2022,2,2951.992431640625
North Carolina,2022,3,691.410400390625
North Carolina,2022,4,1111.1981201171875
North Carolina,2022,5,1451.9539794921875
North Carolina,2022,6,824.1343383789062
North Carolina,2022,7,1896.9896240234375
North Carolina,2022,8,1469.0147705078125
North Carolina,2022,9,760.8847045898438
North Carolina,2022,10,2056.126708984375
North Carolina,2022,11,3956.897216796875
North Carolina,2022,12,1414.8758544921875
North Carolina,2023,1,2554.70361328125
North Carolina,2023,2,600.07666015625
North Carolina,2023,3,3234.23486328125
North Carolina,2023,4,878.2417602539062
North Carolina,2023,5,1026.784423828125
North Carolina,2023,6,654.6235961914062
North Carolina,2023,7,2823.550048828125
North Carolina,2023,8,1516.648193359375
North Carolina,2023,9,1103.708740234375
North Carolina,2023,10,500.7998046875
North Carolina,2023,11,881.6863403320312
North Carolina,2023,12,3838.9599609375
North Carolina,2024,1,1518.8062744140625
North Carolina,2024,2,1518.8062744140625
North Carolina,2024,3,1357.9959716796875
North Carolina,2024,4,1357.9959716796875
North Carolina,2024,5,1357.9959716796875
North Carolina,2024,6,1363.973388671875
North Carolina,2024,7,1363.973388671875
North Carolina,2024,8,1363.973388671875
North Carolina,2024,9,1356.97314453125
North Carolina,2024,10,1356.97314453125
North Carolina,2024,11,1356.97314453125
North Carolina,2024,12,1518.8062744140625
North Carolina,2025,1,1518.8062744140625
North Carolina,2025,2,1518.8062744140625
North Carolina,2025,3,1357.9959716796875
North Carolina,2025,4,1357.9959716796875
North Carolina,2025,5,1357.9959716796875
North Carolina,2025,6,1363.973388671875
North Carolina,2025,7,1363.973388671875
North Carolina,2025,8,1363.973388671875
North Carolina,2025,9,1356.97314453125
North Carolina,2025,10,1356.97314453125
North Carolina,2025,11,1356.97314453125
North Carolina,2025,12,1518.8062744140625
North Dakota,2022,1,5729.0078125
North Dakota,2022,2,4226.96826171875
North Dakota,2022,3,4506.44580078125
North Dakota,2022,4,6723.53759765625
North Dakota,2022,5,7291.49609375
North Dakota,2022,6,2806.236328125
North Dakota,2022,7,2891.567138671875
North Dakota,2022,8,6411.7890625
North Dakota,2022,9,7424.3447265625
North Dakota,2022,10,4513.462890625
North Dakota,2022,11,5823.49951171875
North Dakota,2022,12,7132.85205078125
North Dakota,2023,1,4383.98388671875
North Dakota,2023,2,6532.77880859375
North Dakota,2023,3,6905.39599609375
North Dakota,2023,4,5757.12939453125
North Dakota,2023,5,2760.549560546875
North Dakota,2023,6,4506.44580078125
North Dakota,2023,7,6520.83837890625
North Dakota,2023,8,5690.16845703125
North Dakota,2023,9,8156.716796875
North Dakota,2023,10,2633.603515625
North Dakota,2023,11,4160.34130859375
North Dakota,2023,12,6848.05322265625
North Dakota,2024,1,4716.9775390625
North Dakota,2024,2,4716.9775390625
North Dakota,2024,3,4326.09375
North Dakota,2024,4,4326.09375
North Dakota,2024,5,4326.09375
North Dakota,2024,6,4236.216796875
North Dakota,2024,7,4236.216796875
North Dakota,2024,8,4236.216796875
North Dakota,2024,9,4280.09912109375
North Dakota,2024,10,4280.09912109375
North Dakota,2024,11,4280.09912109375
North Dakota,2024,12,4716.9775390625
North Dakota,2025,1,4716.9775390625
North Dakota,2025,2,4716.9775390625
North Dakota,2025,3,4326.09375
North Dakota,2025,4,4326.09375
North Dakota,2025,5,4326.09375
North Dakota,2025,6,4236.216796875
North Dakota,2025,7,4236.216796875
North Dakota,2025,8,4236.216796875
North Dakota,2025,9,4280.09912109375
North Dakota,2025,10,4280.09912109375
North Dakota,2025,11,4280.09912109375
North Dakota,2025,12,4716.9775390625
Ohio,2022,1,503.6451721191406
Ohio,2022,2,2951.992431640625
Ohio,2022,3,691.410400390625
Ohio,2022,4,1111.1981201171875
Ohio,2022,5,1451.9539794921875
Ohio,2022,6,824.1343383789062
Ohio,2022,7,1896.9896240234375
Ohio,2022,8,1469.0147705078125
Ohio,2022,9,760.8847045898438
Ohio,2022,10,2056.126708984375
Ohio,2022,11,3956.897216796875
Ohio,2022,12,1414.8758544921875
Ohio,2023,1,2554.70361328125
Ohio,2023,2,600.07666015625
Ohio,2023,3,3234.23486328125
Ohio,2023,4,878.2417602539062
Ohio,2023,5,1026.784423828125
Ohio,2023,6,654.6235961914062
Ohio,2023,7,2823.550048828125
Ohio,2023,8,1516.648193359375
Ohio,2023,9,1103.708740234375
Ohio,2023,10,500.7998046875
Ohio,2023,11,881.6863403320312
Ohio,2023,12,3838.9599609375
Ohio,2024,1,3146.4375
Ohio,2024,2,3146.4375
Ohio,2024,3,2967.9833984375
Ohio,2024,4,2967.9833984375
Ohio,2024,5,2967.9833984375
Ohio,2024,6,3083.90283203125
Ohio,2024,7,3083.90283203125
Ohio,2024,8,3083.90283203125
Ohio,2024,9,2997.57861328125
Ohio,2024,10,2997.57861328125
Ohio,2024,11,2997.57861328125
Ohio,2024,12,3146.4375
Ohio,2025,1,3146.4375
Ohio,2025,2,3146.4375
Ohio,2025,3,2967.9833984375
Ohio,2025,4,2967.9833984375
Ohio,2025,5,2967.9833984375
Ohio,2025,6,3083.90283203125
Ohio,2025,7,3083.90283203125
Ohio,2025,8,3083.90283203125
Ohio,2025,9,2997.57861328125
Ohio,2025,10,2997.57861328125
Ohio,2025,11,2997.57861328125
Ohio,2025,12,3146.4375
Oklahoma,2022,1,5729.0078125
Oklahoma,2022,2,4226.96826171875
Oklahoma,2022,3,4506.44580078125
Oklahoma,2022,4,6723.53759765625
Oklahoma,2022,5,7291.49609375
Oklahoma,2022,6,2806.236328125
Oklahoma,2022,7,2891.567138671875
Oklahoma,2022,8,6411.7890625
Oklahoma,2022,9,7424.3447265625
Oklahoma,2022,10,4513.462890625
Oklahoma,2022,11,5823.49951171875
Oklahoma,2022,12,7132.85205078125
Oklahoma,2023,1,4383.98388671875
Oklahoma,2023,2,6532.77880859375
Oklahoma,2023,3,6905.39599609375
Oklahoma,2023,4,5757.12939453125
Oklahoma,2023,5,2760.549560546875
Oklahoma,2023,6,4506.44580078125
Oklahoma,2023,7,6520.83837890625
Oklahoma,2023,8,5690.16845703125
Oklahoma,2023,9,8156.716796875
Oklahoma,2023,10,2633.603515625
Oklahoma,2023,11,4160.34130859375
Oklahoma,2023,12,6848.05322265625
Oklahoma,2024,1,6415.56787109375
Oklahoma,2024,2,6415.56787109375
Oklahoma,2024,3,5643.86767578125
Oklahoma,2024,4,5643.86767578125
Oklahoma,2024,5,5643.86767578125
Oklahoma,2024,6,5791.28955078125
Oklahoma,2024,7,5791.28955078125
Oklahoma,2024,8,5791.28955078125
Oklahoma,2024,9,5630.2587890625
Oklahoma,2024,10,5630.2587890625
Oklahoma,2024,11,5630.2587890625
Oklahoma,2024,12,6415.56787109375
Oklahoma,2025,1,6415.56787109375
Oklahoma,2025,2,6415.56787109375
Oklahoma,2025,3,5643.86767578125
Oklahoma,2025,4,5643.86767578125
Oklahoma,2025,5,5643.86767578125
Oklahoma,2025,6,5791.28955078125
Oklahoma,2025,7,5791.28955078125
Oklahoma,2025,8,5791.28955078125
Oklahoma,2025,9,5630.2587890625
Oklahoma,2025,10,5630.2587890625
Oklahoma,2025,11,5630.2587890625
Oklahoma,2025,12,6415.56787109375
Oregon,2022,1,5729.0078125
Oregon,2022,2,4226.96826171875
Oregon,2022,3,4506.44580078125
Oregon,2022,4,6723.53759765625
Oregon,2022,5,7291.49609375
Oregon,2022,6,2806.236328125
Oregon,2022,7,2891.567138671875
Oregon,2022,8,6411.7890625
Oregon,2022,9,7424.3447265625
Oregon,2022,10,4513.462890625
Oregon,2022,11,5823.49951171875
Oregon,2022,12,7132.85205078125
Oregon,2023,1,4383.98388671875
Oregon,2023,2,6532.77880859375
Oregon,2023,3,6905.39599609375
Oregon,2023,4,5757.12939453125
Oregon,2023,5,2760.549560546875
Oregon,2023,6,4506.44580078125
Oregon,2023,7,6520.83837890625
Oregon,2023,8,5690.16845703125
Oregon,2023,9,8156.716796875
Oregon,2023,10,2633.603515625
Oregon,2023,11,4160.34130859375
Oregon,2023,12,6848.05322265625
Oregon,2024,1,7128.1953125
Oregon,2024,2,7128.1953125
Oregon,2024,3,6291.46337890625
Oregon,2024,4,6291.46337890625
Oregon,2024,5,6291.46337890625
Oregon,2024,6,6498.3603515625
Oregon,2024,7,6498.3603515625
Oregon,2024,8,6498.3603515625
Oregon,2024,9,6363.6181640625
Oregon,2024,10,6363.6181640625
Oregon,2024,11,6363.6181640625
Oregon,2024,12,7128.1953125
Oregon,2025,1,7128.1953125
Oregon,2025,2,7128.1953125
Oregon,2025,3,6291.46337890625
Oregon,2025,4,6291.46337890625
Oregon,2025,5,6291.46337890625
Oregon,2025,6,6498.3603515625
Oregon,2025,7,6498.3603515625
Oregon,2025,8,6498.3603515625
Oregon,2025,9,6363.6181640625
Oregon,2025,10,6363.6181640625
Oregon,2025,11,6363.6181640625
Oregon,2025,12,7128.1953125
Pennsylvania,2022,1,503.6451721191406
Pennsylvania,2022,2,2951.992431640625
Pennsylvania,2022,3,691.410400390625
Pennsylvania,2022,4,1111.1981201171875
Pennsylvania,2022,5,1451.9539794921875
Pennsylvania,2022,6,824.1343383789062
Pennsylvania,2022,7,1896.9896240234375
Pennsylvania,2022,8,1469.0147705078125
Pennsylvania,2022,9,760.8847045898438
Pennsylvania,2022,10,2056.126708984375
Pennsylvania,2022,11,3956.897216796875
Pennsylvania,2022,12,1414.8758544921875
Pennsylvania,2023,1,2554.70361328125
Pennsylvania,2023,2,600.07666015625
Pennsylvania,2023,3,3234.23486328125
Pennsylvania,2023,4,878.2417602539062
Pennsylvania,2023,5,1026.784423828125
Pennsylvania,2023,6,654.6235961914062
Pennsylvania,2023,7,2823.550048828125
Pennsylvania,2023,8,1516.648193359375
Pennsylvania,2023,9,1103.708740234375
Pennsylvania,2023,10,500.7998046875
Pennsylvania,2023,11,881.6863403320312
Pennsylvania,2023,12,3838.9599609375
Pennsylvania,2024,1,600.07666015625
Pennsylvania,2024,2,600.07666015625
Pennsylvania,2024,3,565.859375
Pennsylvania,2024,4,565.859375
Pennsylvania,2024,5,565.859375
Pennsylvania,2024,6,551.9016723632812
Pennsylvania,2024,7,551.9016723632812
Pennsylvania,2024,8,551.9016723632812
Pennsylvania,2024,9,563.9628295898438
Pennsylvania,2024,10,563.9628295898438
Pennsylvania,2024,11,563.9628295898438
Pennsylvania,2024,12,600.07666015625
Pennsylvania,2025,1,600.07666015625
Pennsylvania,2025,2,600.07666015625
Pennsylvania,2025,3,565.859375
Pennsylvania,2025,4,565.859375
Pennsylvania,2025,5,565.859375
Pennsylvania,2025,6,551.9016723632812
Pennsylvania,2025,7,551.9016723632812
Pennsylvania,2025,8,551.9016723632812
Pennsylvania,2025,9,563.9628295898438
Pennsylvania,2025,10,563.9628295898438
Pennsylvania,2025,11,563.9628295898438
Pennsylvania,2025,12,600.07666015625
Rhode Island,2022,1,8880.142578125
Rhode Island,2022,2,8854.1015625
Rhode Island,2022,3,13055.244140625
Rhode Island,2022,4,29587.80078125
Rhode Island,2022,5,11880.0068359375
Rhode Island,2022,6,10673.0791015625
Rhode Island,2022,7,13140.2060546875
Rhode Island,2022,8,10790.7509765625
Rhode Island,2022,9,12519.96875
Rhode Island,2022,10,4796.76220703125
Rhode Island,2022,11,8586.603515625
Rhode Island,2022,12,6840.37109375
Rhode Island,2023,1,6624.287109375
Rhode Island,2023,2,20101.228515625
Rhode Island,2023,3,17258.9453125
Rhode Island,2023,4,5051.4453125
Rhode Island,2023,5,12625.708984375
Rhode Island,2023,6,8832.4873046875
Rhode Island,2023,7,29375.1015625
Rhode Island,2023,8,9236.1552734375
Rhode Island,2023,9,6800.4208984375
Rhode Island,2023,10,4796.76220703125
Rhode Island,2023,11,8848.7880859375
Rhode Island,2023,12,6840.37109375
Rhode Island,2024,1,6028.8857421875
Rhode Island,2024,2,6028.8857421875
Rhode Island,2024,3,5521.09033203125
Rhode Island,2024,4,5521.09033203125
Rhode Island,2024,5,5521.09033203125
Rhode Island,2024,6,6634.974609375
Rhode Island,2024,7,6634.974609375
Rhode Island,2024,8,6634.974609375
Rhode Island,2024,9,5541.91552734375
Rhode Island,2024,10,5541.91552734375
Rhode Island,2024,11,5541.91552734375
Rhode Island,2024,12,6028.8857421875
Rhode Island,2025,1,6028.8857421875
Rhode Island,2025,2,6028.8857421875
Rhode Island,2025,3,5521.09033203125
Rhode Island,2025,4,5521.09033203125
Rhode Island,2025,5,5521.09033203125
Rhode Island,2025,6,6634.974609375
Rhode Island,2025,7,6634.974609375
Rhode Island,2025,8,6634.974609375
Rhode Island,2025,9,5541.91552734375
Rhode Island,2025,10,5541.91552734375
Rhode Island,2025,11,5541.91552734375
Rhode Island,2025,12,6028.8857421875
South Carolina,2022,1,5729.0078125
South Carolina,2022,2,4226.96826171875
South Carolina,2022,3,4506.44580078125
South Carolina,2022,4,6723.53759765625
South Carolina,2022,5,7291.49609375
South Carolina,2022,6,2806.236328125
South Carolina,2022,7,2891.567138671875
South Carolina,2022,8,6411.7890625
South Carolina,2022,9,7424.3447265625
South Carolina,2022,10,4513.462890625
South Carolina,2022,11,5823.49951171875
South Carolina,2022,12,7132.85205078125
South Carolina,2023,1,4383.98388671875
South Carolina,2023,2,6532.77880859375
South Carolina,2023,3,6905.39599609375
South Carolina,2023,4,5757.12939453125
South Carolina,2023,5,2760.549560546875
South Carolina,2023,6,4506.44580078125
South Carolina,2023,7,6520.83837890625
South Carolina,2023,8,5690.16845703125
South Carolina,2023,9,8156.716796875
South Carolina,2023,10,2633.603515625
South Carolina,2023,11,4160.34130859375
South Carolina,2023,12,6848.05322265625
South Carolina,2024,1,4267.30224609375
South Carolina,2024,2,4267.30224609375
South Carolina,2024,3,3607.291748046875
South Carolina,2024,4,3607.291748046875
South Carolina,2024,5,3607.291748046875
South Carolina,2024,6,3943.41259765625
South Carolina,2024,7,3943.41259765625
South Carolina,2024,8,3943.41259765625
South Carolina,2024,9,3677.714111328125
South Carolina,2024,10,3677.714111328125
South Carolina,2024,11,3677.714111328125
South Carolina,2024,12,4267.30224609375
South Carolina,2025,1,4267.30224609375
South Carolina,2025,2,4267.30224609375
South Carolina,2025,3,3607.291748046875
South Carolina,2025,4,3607.291748046875
South Carolina,2025,5,3607.291748046875
South Carolina,2025,6,3943.41259765625
South Carolina,2025,7,3943.41259765625
South Carolina,2025,8,3943.41259765625
South Carolina,2025,9,3677.714111328125
South Carolina,2025,10,3677.714111328125
South Carolina,2025,11,3677.714111328125
South Carolina,2025,12,4267.30224609375
South Dakota,2022,1,8880.142578125
South Dakota,2022,2,8854.1015625
South Dakota,2022,3,13055.244140625
South Dakota,2022,4,29587.80078125
South Dakota,2022,5,11880.0068359375
South Dakota,2022,6,10673.0791015625
South Dakota,2022,7,13140.2060546875
South Dakota,2022,8,10790.7509765625
South Dakota,2022,9,12519.96875
South Dakota,2022,10,4796.76220703125
South Dakota,2022,11,8586.603515625
South Dakota,2022,12,6840.37109375
South Dakota,2023,1,6624.287109375
South Dakota,2023,2,20101.228515625
South Dakota,2023,3,17258.9453125
South Dakota,2023,4,5051.4453125
South Dakota,2023,5,12625.708984375
South Dakota,2023,6,8832.4873046875
South Dakota,2023,7,29375.1015625
South Dakota,2023,8,9236.1552734375
South Dakota,2023,9,6800.4208984375
South Dakota,2023,10,4796.76220703125
South Dakota,2023,11,8848.7880859375
South Dakota,2023,12,6840.37109375
South Dakota,2024,1,17397.6171875
South Dakota,2024,2,17397.6171875
South Dakota,2024,3,17902.619140625
South Dakota,2024,4,17902.619140625
South Dakota,2024,5,17902.619140625
South Dakota,2024,6,19447.6484375
South Dakota,2024,7,19447.6484375
South Dakota,2024,8,19447.6484375
South Dakota,2024,9,18152.38671875
South Dakota,2024,10,18152.38671875
South Dakota,2024,11,18152.38671875
South Dakota,2024,12,17397.6171875
South Dakota,2025,1,17397.6171875
South Dakota,2025,2,17397.6171875
South Dakota,2025,3,17902.619140625
South Dakota,2025,4,17902.619140625
South Dakota,2025,5,17902.619140625
South Dakota,2025,6,19447.6484375
South Dakota,2025,7,19447.6484375
South Dakota,2025,8,19447.6484375
South Dakota,2025,9,18152.38671875
South Dakota,2025,10,18152.38671875
South Dakota,2025,11,18152.38671875
South Dakota,2025,12,17397.6171875
Tennessee,2022,1,8880.142578125
Tennessee,2022,2,8854.1015625
Tennessee,2022,3,13055.244140625
Tennessee,2022,4,29587.80078125
Tennessee,2022,5,11880.0068359375
Tennessee,2022,6,10673.0791015625
Tennessee,2022,7,13140.2060546875
Tennessee,2022,8,10790.7509765625
Tennessee,2022,9,12519.96875
Tennessee,2022,10,4796.76220703125
Tennessee,2022,11,8586.603515625
Tennessee,2022,12,6840.37109375
Tennessee,2023,1,6624.287109375
Tennessee,2023,2,20101.228515625
Tennessee,2023,3,17258.9453125
Tennessee,2023,4,5051.4453125
Tennessee,2023,5,12625.708984375
Tennessee,2023,6,8832.4873046875
Tennessee,2023,7,29375.1015625
Tennessee,2023,8,9236.1552734375
Tennessee,2023,9,6800.4208984375
Tennessee,2023,10,4796.76220703125
Tennessee,2023,11,8848.7880859375
Tennessee,2023,12,6840.37109375
Tennessee,2024,1,5074.49072265625
Tennessee,2024,2,5074.49072265625
Tennessee,2024,3,4562.021484375
Tennessee,2024,4,4562.021484375
Tennessee,2024,5,4562.021484375
Tennessee,2024,6,4497.84765625
Tennessee,2024,7,4497.84765625
Tennessee,2024,8,4497.84765625
Tennessee,2024,9,4492.4814453125
Tennessee,2024,10,4492.4814453125
Tennessee,2024,11,4492.4814453125
Tennessee,2024,12,5074.49072265625
Tennessee,2025,1,5713.1220703125
Tennessee,2025,2,5713.1220703125
Tennessee,2025,3,5200.65234375
Tennessee,2025,4,5200.65234375
Tennessee,2025,5,5200.65234375
Tennessee,2025,6,5187.44140625
Tennessee,2025,7,5187.44140625
Tennessee,2025,8,5187.44140625
Tennessee,2025,9,5131.1123046875
Tennessee,2025,10,5131.1123046875
Tennessee,2025,11,5131.1123046875
Tennessee,2025,12,5713.1220703125
Texas,2022,1,5729.0078125
Texas,2022,2,4226.96826171875
Texas,2022,3,4506.44580078125
Texas,2022,4,6723.53759765625
Texas,2022,5,7291.49609375
Texas,2022,6,2806.236328125
Texas,2022,7,2891.567138671875
Texas,2022,8,6411.7890625
Texas,2022,9,7424.3447265625
Texas,2022,10,4513.462890625
Texas,2022,11,5823.49951171875
Texas,2022,12,7132.85205078125
Texas,2023,1,4383.98388671875
Texas,2023,2,6532.77880859375
Texas,2023,3,6905.39599609375
Texas,2023,4,5757.12939453125
Texas,2023,5,2760.549560546875
Texas,2023,6,4506.44580078125
Texas,2023,7,6520.83837890625
Texas,2023,8,5690.16845703125
Texas,2023,9,8156.716796875
Texas,2023,10,2633.603515625
Texas,2023,11,4160.34130859375
Texas,2023,12,6848.05322265625
Texas,2024,1,2709.92041015625
Texas,2024,2,2709.92041015625
Texas,2024,3,2541.667724609375
Texas,2024,4,2541.667724609375
Texas,2024,5,2541.667724609375
Texas,2024,6,2474.84716796875
Texas,2024,7,2474.84716796875
Texas,2024,8,2474.84716796875
Texas,2024,9,2426.544677734375
Texas,2024,10,2426.544677734375
Texas,2024,11,2426.544677734375
Texas,2024,12,2709.92041015625
Texas,2025,1,2709.92041015625
Texas,2025,2,2709.92041015625
Texas,2025,3,2541.667724609375
Texas,2025,4,2541.667724609375
Texas,2025,5,2541.667724609375
Texas,2025,6,2474.84716796875
Texas,2025,7,2474.84716796875
Texas,2025,8,2474.84716796875
Texas,2025,9,2426.544677734375
Texas,2025,10,2426.544677734375
Texas,2025,11,2426.544677734375
Texas,2025,12,2709.92041015625
Utah,2022,1,503.6451721191406
Utah,2022,2,2951.992431640625
Utah,2022,3,691.410400390625
Utah,2022,4,1111.1981201171875
Utah,2022,5,1451.9539794921875
Utah,2022,6,824.1343383789062
Utah,2022,7,1896.9896240234375
Utah,2022,8,1469.0147705078125
Utah,2022,9,760.8847045898438
Utah,2022,10,2056.126708984375
Utah,2022,11,3956.897216796875
Utah,2022,12,1414.8758544921875
Utah,2023,1,2554.70361328125
Utah,2023,2,600.07666015625
Utah,2023,3,3234.23486328125
Utah,2023,4,878.2417602539062
Utah,2023,5,1026.784423828125
Utah,2023,6,654.6235961914062
Utah,2023,7,2823.550048828125
Utah,2023,8,1516.648193359375
Utah,2023,9,1103.708740234375
Utah,2023,10,500.7998046875
Utah,2023,11,881.6863403320312
Utah,2023,12,3838.9599609375
Utah,2024,1,871.4109497070312
Utah,2024,2,871.4109497070312
Utah,2024,3,838.089599609375
Utah,2024,4,838.089599609375
Utah,2024,5,838.089599609375
Utah,2024,6,835.654541015625
Utah,2024,7,835.654541015625
Utah,2024,8,835.654541015625
Utah,2024,9,838.089599609375
Utah,2024,10,838.089599609375
Utah,2024,11,838.089599609375
Utah,2024,12,871.4109497070312
Utah,2025,1,871.4109497070312
Utah,2025,2,871.4109497070312
Utah,2025,3,838.089599609375
Utah,2025,4,838.089599609375
Utah,2025,5,838.089599609375
Utah,2025,6,835.654541015625
Utah,2025,7,835.654541015625
Utah,2025,8,835.654541015625
Utah,2025,9,838.089599609375
Utah,2025,10,838.089599609375
Utah,2025,11,838.089599609375
Utah,2025,12,871.4109497070312
Vermont,2022,1,8880.142578125
Vermont,2022,2,8854.1015625
Vermont,2022,3,13055.244140625
Vermont,2022,4,29587.80078125
Vermont,2022,5,11880.0068359375
Vermont,2022,6,10673.0791015625
Vermont,2022,7,13140.2060546875
Vermont,2022,8,10790.7509765625
Vermont,2022,9,12519.96875
Vermont,2022,10,4796.76220703125
Vermont,2022,11,8586.603515625
Vermont,2022,12,6840.37109375
Vermont,2023,1,6624.287109375
Vermont,2023,2,20101.228515625
Vermont,2023,3,17258.9453125
Vermont,2023,4,5051.4453125
Vermont,2023,5,12625.708984375
Vermont,2023,6,8832.4873046875
Vermont,2023,7,29375.1015625
Vermont,2023,8,9236.1552734375
Vermont,2023,9,6800.4208984375
Vermont,2023,10,4796.76220703125
Vermont,2023,11,8848.7880859375
Vermont,2023,12,6840.37109375
Vermont,2024,1,14208.28515625
Vermont,2024,2,14208.28515625
Vermont,2024,3,12870.7822265625
Vermont,2024,4,12870.7822265625
Vermont,2024,5,12870.7822265625
Vermont,2024,6,16609.154296875
Vermont,2024,7,16609.154296875
Vermont,2024,8,16609.154296875
Vermont,2024,9,13265.787109375
Vermont,2024,10,13265.787109375
Vermont,2024,11,13265.787109375
Vermont,2024,12,14208.28515625
Vermont,2025,1,14208.28515625
Vermont,2025,2,14208.28515625
Vermont,2025,3,12870.7822265625
Vermont,2025,4,12870.7822265625
Vermont,2025,5,12870.7822265625
Vermont,2025,6,16609.154296875
Vermont,2025,7,16609.154296875
Vermont,2025,8,16609.154296875
Vermont,2025,9,13265.787109375
Vermont,2025,10,13265.787109375
Vermont,2025,11,13265.787109375
Vermont,2025,12,14208.28515625
Virginia,2022,1,8880.142578125
Virginia,2022,2,8854.1015625
Virginia,2022,3,13055.244140625
Virginia,2022,4,29587.80078125
Virginia,2022,5,11880.0068359375
Virginia,2022,6,10673.0791015625
Virginia,2022,7,13140.2060546875
Virginia,2022,8,10790.7509765625
Virginia,2022,9,12519.96875
Virginia,2022,10,4796.76220703125
Virginia,2022,11,8586.603515625
Virginia,2022,12,6840.37109375
Virginia,2023,1,6624.287109375
Virginia,2023,2,20101.228515625
Virginia,2023,3,17258.9453125
Virginia,2023,4,5051.4453125
Virginia,2023,5,12625.708984375
Virginia,2023,6,8832.4873046875
Virginia,2023,7,29375.1015625
Virginia,2023,8,9236.1552734375
Virginia,2023,9,6800.4208984375
Virginia,2023,10,4796.76220703125
Virginia,2023,11,8848.7880859375
Virginia,2023,12,6840.37109375
Virginia,2024,1,11014.81640625
Virginia,2024,2,11014.81640625
Virginia,2024,3,9572.2958984375
Virginia,2024,4,9572.2958984375
Virginia,2024,5,9572.2958984375
Virginia,2024,6,11245.14453125
Virginia,2024,7,11245.14453125
Virginia,2024,8,11245.14453125
Virginia,2024,9,9611.224609375
Virginia,2024,10,9611.224609375
Virginia,2024,11,9611.224609375
Virginia,2024,12,11014.81640625
Virginia,2025,1,11014.81640625
Virginia,2025,2,11014.81640625
Virginia,2025,3,9572.2958984375
Virginia,2025,4,9572.2958984375
Virginia,2025,5,9572.2958984375
Virginia,2025,6,11245.14453125
Virginia,2025,7,11245.14453125
Virginia,2025,8,11245.14453125
Virginia,2025,9,9611.224609375
Virginia,2025,10,9611.224609375
Virginia,2025,11,9611.224609375
Virginia,2025,12,11014.81640625
Washington,2022,1,503.6451721191406
Washington,2022,2,2951.992431640625
Washington,2022,3,691.410400390625
Washington,2022,4,1111.1981201171875
Washington,2022,5,1451.9539794921875
Washington,2022,6,824.1343383789062
Washington,2022,7,1896.9896240234375
Washington,2022,8,1469.0147705078125
Washington,2022,9,760.8847045898438
Washington,2022,10,2056.126708984375
Washington,2022,11,3956.897216796875
Washington,2022,12,1414.8758544921875
Washington,2023,1,2554.70361328125
Washington,2023,2,600.07666015625
Washington,2023,3,3234.23486328125
Washington,2023,4,878.2417602539062
Washington,2023,5,1026.784423828125
Washington,2023,6,654.6235961914062
Washington,2023,7,2823.550048828125
Washington,2023,8,1516.648193359375
Washington,2023,9,1103.708740234375
Washington,2023,10,500.7998046875
Washington,2023,11,881.6863403320312
Washington,2023,12,3838.9599609375
Washington,2024,1,748.71142578125
Washington,2024,2,748.71142578125
Washington,2024,3,769.5354614257812
Washington,2024,4,769.5354614257812
Washington,2024,5,769.5354614257812
Washington,2024,6,1129.7685546875
Washington,2024,7,1129.7685546875
Washington,2024,8,1129.7685546875
Washington,2024,9,814.4505004882812
Washington,2024,10,814.4505004882812
Washington,2024,11,814.4505004882812
Washington,2024,12,748.71142578125
Washington,2025,1,748.71142578125
Washington,2025,2,748.71142578125
Washington,2025,3,769.5354614257812
Washington,2025,4,769.5354614257812
Washington,2025,5,769.5354614257812
Washington,2025,6,1129.7685546875
Washington,2025,7,1129.7685546875
Washington,2025,8,1129.7685546875
Washington,2025,9,814.4505004882812
Washington,2025,10,814.4505004882812
Washington,2025,11,814.4505004882812
Washington,2025,12,748.71142578125
West Virginia,2022,1,503.6451721191406
West Virginia,2022,2,2951.992431640625
West Virginia,2022,3,691.410400390625
West Virginia,2022,4,1111.1981201171875
West Virginia,2022,5,1451.9539794921875
West Virginia,2022,6,824.1343383789062
West Virginia,2022,7,1896.9896240234375
West Virginia,2022,8,1469.0147705078125
West Virginia,2022,9,760.8847045898438
West Virginia,2022,10,2056.126708984375
West Virginia,2022,11,3956.897216796875
West Virginia,2022,12,1414.8758544921875
West Virginia,2023,1,2554.70361328125
West Virginia,2023,2,600.07666015625
West Virginia,2023,3,3234.23486328125
West Virginia,2023,4,878.2417602539062
West Virginia,2023,5,1026.784423828125
West Virginia,2023,6,654.6235961914062
West Virginia,2023,7,2823.550048828125
West Virginia,2023,8,1516.648193359375
West Virginia,2023,9,1103.708740234375
West Virginia,2023,10,500.7998046875
West Virginia,2023,11,881.6863403320312
West Virginia,2023,12,3838.9599609375
West Virginia,2024,1,1794.1785888671875
West Virginia,2024,2,1794.1785888671875
West Virginia,2024,3,1658.4901123046875
West Virginia,2024,4,1658.4901123046875
West Virginia,2024,5,1658.4901123046875
West Virginia,2024,6,1696.0802001953125
West Virginia,2024,7,1696.0802001953125
West Virginia,2024,8,1696.0802001953125
West Virginia,2024,9,1646.370849609375
West Virginia,2024,10,1646.370849609375
West Virginia,2024,11,1646.370849609375
West Virginia,2024,12,1794.1785888671875
West Virginia,2025,1,1794.1785888671875
West Virginia,2025,2,1794.1785888671875
West Virginia,2025,3,1658.4901123046875
West Virginia,2025,4,1658.4901123046875
West Virginia,2025,5,1658.4901123046875
West Virginia,2025,6,1696.0802001953125
West Virginia,2025,7,1696.0802001953125
West Virginia,2025,8,1696.0802001953125
West Virginia,2025,9,1646.370849609375
West Virginia,2025,10,1646.370849609375
West Virginia,2025,11,1646.370849609375
West Virginia,2025,12,1794.1785888671875
Wisconsin,2022,1,8880.142578125
Wisconsin,2022,2,8854.1015625
Wisconsin,2022,3,13055.244140625
Wisconsin,2022,4,29587.80078125
Wisconsin,2022,5,11880.0068359375
Wisconsin,2022,6,10673.0791015625
Wisconsin,2022,7,13140.2060546875
Wisconsin,2022,8,10790.7509765625
Wisconsin,2022,9,12519.96875
Wisconsin,2022,10,4796.76220703125
Wisconsin,2022,11,8586.603515625
Wisconsin,2022,12,6840.37109375
Wisconsin,2023,1,6624.287109375
Wisconsin,2023,2,20101.228515625
Wisconsin,2023,3,17258.9453125
Wisconsin,2023,4,5051.4453125
Wisconsin,2023,5,12625.708984375
Wisconsin,2023,6,8832.4873046875
Wisconsin,2023,7,29375.1015625
Wisconsin,2023,8,9236.1552734375
Wisconsin,2023,9,6800.4208984375
Wisconsin,2023,10,4796.76220703125
Wisconsin,2023,11,8848.7880859375
Wisconsin,2023,12,6840.37109375
Wisconsin,2024,1,12039.2919921875
Wisconsin,2024,2,12039.2919921875
Wisconsin,2024,3,11144.3369140625
Wisconsin,2024,4,11144.3369140625
Wisconsin,2024,5,11144.3369140625
Wisconsin,2024,6,11962.0966796875
Wisconsin,2024,7,11962.0966796875
Wisconsin,2024,8,11962.0966796875
Wisconsin,2024,9,11027.7822265625
Wisconsin,2024,10,11027.7822265625
Wisconsin,2024,11,11027.7822265625
Wisconsin,2024,12,12039.2919921875
Wisconsin,2025,1,12039.2919921875
Wisconsin,2025,2,12039.2919921875
Wisconsin,2025,3,11144.3369140625
Wisconsin,2025,4,11144.3369140625
Wisconsin,2025,5,11144.3369140625
Wisconsin,2025,6,11962.0966796875
Wisconsin,2025,7,11962.0966796875
Wisconsin,2025,8,11962.0966796875
Wisconsin,2025,9,11027.7822265625
Wisconsin,2025,10,11027.7822265625
Wisconsin,2025,11,11027.7822265625
Wisconsin,2025,12,12039.2919921875
Wyoming,2022,1,5729.0078125
Wyoming,2022,2,4226.96826171875
Wyoming,2022,3,4506.44580078125
Wyoming,2022,4,6723.53759765625
Wyoming,2022,5,7291.49609375
Wyoming,2022,6,2806.236328125
Wyoming,2022,7,2891.567138671875
Wyoming,2022,8,6411.7890625
Wyoming,2022,9,7424.3447265625
Wyoming,2022,10,4513.462890625
Wyoming,2022,11,5823.49951171875
Wyoming,2022,12,7132.85205078125
Wyoming,2023,1,4383.98388671875
Wyoming,2023,2,6532.77880859375
Wyoming,2023,3,6905.39599609375
Wyoming,2023,4,5757.12939453125
Wyoming,2023,5,2760.549560546875
Wyoming,2023,6,4506.44580078125
Wyoming,2023,7,6520.83837890625
Wyoming,2023,8,5690.16845703125
Wyoming,2023,9,8156.716796875
Wyoming,2023,10,2633.603515625
Wyoming,2023,11,4160.34130859375
Wyoming,2023,12,6848.05322265625
Wyoming,2024,1,7429.119140625
Wyoming,2024,2,7429.119140625
Wyoming,2024,3,6676.22119140625
Wyoming,2024,4,6676.22119140625
Wyoming,2024,5,6676.22119140625
Wyoming,2024,6,7169.53173828125
Wyoming,2024,7,7169.53173828125
Wyoming,2024,8,7169.53173828125
Wyoming,2024,9,6648.34033203125
Wyoming,2024,10,6648.34033203125
Wyoming,2024,11,6648.34033203125
Wyoming,2024,12,7429.119140625
Wyoming,2025,1,7278.3447265625
Wyoming,2025,2,7278.3447265625
Wyoming,2025,3,6525.44677734375
Wyoming,2025,4,6525.44677734375
Wyoming,2025,5,6525.44677734375
Wyoming,2025,6,7018.966796875
Wyoming,2025,7,7018.966796875
Wyoming,2025,8,7018.966796875
Wyoming,2025,9,6497.56591796875
Wyoming,2025,10,6497.56591796875
Wyoming,2025,11,6497.56591796875
Wyoming,2025,12,7278.3447265625
